Unnamed: 0,mean_fit_time,std_fit_time,mean_score_time,std_score_time,param_learning_rate,param_max_depth,param_num_leaves,params,split0_test_score,split1_test_score,split2_test_score,split3_test_score,split4_test_score,mean_test_score,std_test_score,rank_test_score,cv,param_n_estimators
0.0,1.7209618091583252,0.0480957986521271,0.0938446044921875,0.0026930686472267,0.01,4,15,"{'learning_rate': 0.01, 'max_depth': 4, 'num_leaves': 15}",0.9783049721397246,0.978289153672455,0.978289153672455,0.9782851990556376,0.978293022446494,0.9782923001973532,6.801870607730023e-06,35,5,
1.0,1.6629250049591064,0.0622127690171711,0.0934127330780029,0.0041310550724576,0.01,4,31,"{'learning_rate': 0.01, 'max_depth': 4, 'num_leaves': 31}",0.9783049721397246,0.978289153672455,0.978289153672455,0.9782851990556376,0.978293022446494,0.9782923001973532,6.801870607730023e-06,35,5,
2.0,1.6562071323394776,0.0242911920617141,0.0956545352935791,0.0031286210517553,0.01,4,63,"{'learning_rate': 0.01, 'max_depth': 4, 'num_leaves': 63}",0.9783049721397246,0.978289153672455,0.978289153672455,0.9782851990556376,0.978293022446494,0.9782923001973532,6.801870607730023e-06,35,5,
3.0,1.946769189834595,0.0185385191164709,0.1095800876617431,0.0058789005386538,0.01,6,15,"{'learning_rate': 0.01, 'max_depth': 6, 'num_leaves': 15}",0.978289153672455,0.978289153672455,0.978289153672455,0.9782851990556376,0.9782890678140372,0.978288345577408,1.5736122658252563e-06,42,5,
4.0,2.1161639213562013,0.0177446054868465,0.1202373504638671,0.0044752511312699,0.01,6,31,"{'learning_rate': 0.01, 'max_depth': 6, 'num_leaves': 31}",0.9783168359901768,0.9783128813733594,0.9783207906069942,0.9783168359901768,0.9782969770789502,0.9783128642079314,8.328013837961746e-06,33,5,
5.0,2.342256259918213,0.0164096317873627,0.1258777618408203,0.0048266219808804,0.01,6,63,"{'learning_rate': 0.01, 'max_depth': 6, 'num_leaves': 63}",0.978368246008803,0.978328699840629,0.9783563821583507,0.978348472924716,0.978328614138602,0.97834608301422,1.5558397798909518e-05,31,5,
6.0,2.0276166439056396,0.0626010170465488,0.1096831321716308,0.0035548125445382,0.01,8,15,"{'learning_rate': 0.01, 'max_depth': 8, 'num_leaves': 15}",0.978289153672455,0.978289153672455,0.978289153672455,0.9782851990556376,0.9782890678140372,0.978288345577408,1.5736122658252563e-06,42,5,
7.0,2.4965395450592043,0.1385923838630535,0.1349454402923584,0.0100075558493943,0.01,8,31,"{'learning_rate': 0.01, 'max_depth': 8, 'num_leaves': 31}",0.978289153672455,0.978289153672455,0.978308926756542,0.9782851990556376,0.9782890678140372,0.9782923001942252,8.451251077721005e-06,38,5,
8.0,2.7970903873443604,0.0305643495070181,0.1604640007019043,0.0033814224066685,0.01,8,63,"{'learning_rate': 0.01, 'max_depth': 8, 'num_leaves': 63}",0.9783168359901768,0.9783326544574464,0.9783128813733594,0.9783563821583507,0.9783167502412324,0.9783271008441132,1.614269828362837e-05,32,5,
9.0,2.0046699047088623,0.020464244948507,0.1097031116485595,0.0042535064834566,0.01,12,15,"{'learning_rate': 0.01, 'max_depth': 12, 'num_leaves': 15}",0.978289153672455,0.978289153672455,0.978289153672455,0.9782851990556376,0.9782890678140372,0.978288345577408,1.5736122658252563e-06,42,5,
10.0,2.325797319412231,0.0146192879781089,0.1308188438415527,0.0050063953743556,0.01,12,31,"{'learning_rate': 0.01, 'max_depth': 12, 'num_leaves': 31}",0.978289153672455,0.978289153672455,0.9782931082892724,0.9782851990556376,0.9782890678140372,0.9782891365007714,2.501355059933316e-06,40,5,
11.0,2.8345001220703123,0.0223348439928245,0.1593385219573974,0.003331617151954,0.01,12,63,"{'learning_rate': 0.01, 'max_depth': 12, 'num_leaves': 63}",0.9782931082892724,0.9782970629060898,0.9783010175229072,0.978289153672455,0.9782890678140372,0.9782938820409524,4.629599266624801e-06,34,5,
12.0,2.000319576263428,0.0264314964289906,0.1103651046752929,0.005364297885397,0.01,16,15,"{'learning_rate': 0.01, 'max_depth': 16, 'num_leaves': 15}",0.978289153672455,0.978289153672455,0.978289153672455,0.9782851990556376,0.9782890678140372,0.978288345577408,1.5736122658252563e-06,42,5,
13.0,2.315818452835083,0.0339688839379083,0.131290578842163,0.007001870590668,0.01,16,31,"{'learning_rate': 0.01, 'max_depth': 16, 'num_leaves': 31}",0.978289153672455,0.978289153672455,0.9782931082892724,0.9782851990556376,0.9782890678140372,0.9782891365007714,2.501355059933316e-06,40,5,
14.0,2.8001667499542235,0.0174644255800991,0.1604784488677978,0.0043325637962331,0.01,16,63,"{'learning_rate': 0.01, 'max_depth': 16, 'num_leaves': 63}",0.9782931082892724,0.978289153672455,0.9783010175229072,0.978289153672455,0.9782890678140372,0.9782923001942252,4.623728303730551e-06,38,5,
15.0,1.712071418762207,0.0371121388431273,0.104698896408081,0.0032133936298043,0.1,4,15,"{'learning_rate': 0.1, 'max_depth': 4, 'num_leaves': 15}",0.979131487054562,0.9790603039518486,0.9790800770359356,0.9790958955032052,0.9791788601167408,0.9791093247324584,4.186919409333163e-05,30,5,
16.0,1.734717035293579,0.0453190301661224,0.1066579341888427,0.004722948730819,0.1,4,31,"{'learning_rate': 0.1, 'max_depth': 4, 'num_leaves': 31}",0.9791077593536576,0.9791393962881968,0.9791156685872924,0.9791512601386488,0.9792104971763924,0.9791449163088376,3.635280877083532e-05,28,5,
17.0,1.70521821975708,0.038788147213964,0.0996281623840332,0.002681076189508,0.1,4,63,"{'learning_rate': 0.1, 'max_depth': 4, 'num_leaves': 63}",0.9791077593536576,0.9791393962881968,0.9791156685872924,0.9791512601386488,0.9792104971763924,0.9791449163088376,3.635280877083532e-05,28,5,
18.0,1.810870695114136,0.0198385142853419,0.1180185794830322,0.0070765297549118,0.1,6,15,"{'learning_rate': 0.1, 'max_depth': 6, 'num_leaves': 15}",0.9790800770359356,0.9792263978581796,0.9791868516900056,0.979182897073188,0.9791234952623504,0.9791599437839318,5.171890378197738e-05,27,5,
19.0,2.0805643081665037,0.0162068014912882,0.1410000324249267,0.0033502808839369,0.1,6,31,"{'learning_rate': 0.1, 'max_depth': 6, 'num_leaves': 31}",0.9802427343802522,0.980171551277539,0.9804048736697658,0.9802071428288957,0.9801279719062912,0.9802308548125488,9.496077782895713e-05,19,5,
20.0,2.2070850849151613,0.0453496561150819,0.1405059814453125,0.004628412118922,0.1,6,63,"{'learning_rate': 0.1, 'max_depth': 6, 'num_leaves': 63}",0.980800335351506,0.9811404323978028,0.9812234793509684,0.9810692492950897,0.9811245392853188,0.9810716071361372,0.0001443591626807,14,5,
21.0,1.8980774402618408,0.1227833714081613,0.1141940593719482,0.0025943702519752,0.1,8,15,"{'learning_rate': 0.1, 'max_depth': 8, 'num_leaves': 15}",0.97951508488585,0.9796455872408244,0.9793806279140582,0.9795585856708414,0.9794675482860624,0.9795134867995272,8.859889291861483e-05,26,5,
22.0,2.292485761642456,0.1415006191178715,0.1585371971130371,0.0073541811112334,0.1,8,31,"{'learning_rate': 0.1, 'max_depth': 8, 'num_leaves': 31}",0.98064215067881,0.980800335351506,0.9806698329965318,0.9808833823046716,0.9805985731686097,0.980718854900026,0.0001062663731759,15,5,
23.0,2.59135046005249,0.0294394466393842,0.1872727394104004,0.0027937269928284,0.1,8,63,"{'learning_rate': 0.1, 'max_depth': 8, 'num_leaves': 63}",0.9825996860034248,0.982829053778834,0.9830070115356172,0.9825482759847984,0.9827815302845754,0.98275311151745,0.0001652495424531,7,5,
24.0,1.825685405731201,0.0319876215266133,0.1126649379730224,0.0031737804409259,0.1,12,15,"{'learning_rate': 0.1, 'max_depth': 12, 'num_leaves': 15}",0.9795783587549284,0.9797642257453464,0.9796693149417288,0.9795981318390156,0.9794596390211494,0.9796139340604336,0.0001009721786218,22,5,
25.0,2.1712488174438476,0.0465951235241538,0.1390990257263183,0.0040140906384838,0.1,12,31,"{'learning_rate': 0.1, 'max_depth': 12, 'num_leaves': 31}",0.9811681147155248,0.9811839331827944,0.9812867532200468,0.9809941115755588,0.9812194504642738,0.9811704726316398,9.716992501545424e-05,13,5,
26.0,2.7224512100219727,0.0212366644804261,0.2006626605987548,0.0059614217226026,0.1,12,63,"{'learning_rate': 0.1, 'max_depth': 12, 'num_leaves': 63}",0.9839007549363504,0.9844148551226128,0.984367399720804,0.9843238989358126,0.9841893794390748,0.984239257630931,0.0001851976960089,5,5,
27.0,1.8305268287658691,0.0225477702115039,0.1106237888336181,0.0017616978863365,0.1,16,15,"{'learning_rate': 0.1, 'max_depth': 16, 'num_leaves': 15}",0.9795704495212936,0.9797642257453464,0.9796693149417288,0.9795981318390156,0.9794873214483446,0.9796178886991458,9.35390887449572e-05,21,5,
28.0,2.167753744125366,0.0179021417745508,0.1362949848175048,0.0040375222016366,0.1,16,31,"{'learning_rate': 0.1, 'max_depth': 16, 'num_leaves': 31}",0.9810059754260112,0.9811957970332464,0.9815200756122736,0.9812669801359596,0.9812352689940996,0.9812448194403182,0.0001648016548577,12,5,
29.0,2.724906826019287,0.0504123259617325,0.1926418304443359,0.0055092382285734,0.1,16,63,"{'learning_rate': 0.1, 'max_depth': 16, 'num_leaves': 63}",0.984446492057152,0.9847668160193618,0.9846837690661964,0.9840905765435858,0.9845532056250692,0.9845081718622732,0.0002357750904411,4,5,
30.0,1.633169460296631,0.0524880529975048,0.1018365859985351,0.0058956156221263,0.15,4,15,"{'learning_rate': 0.15, 'max_depth': 4, 'num_leaves': 15}",0.9796693149417288,0.9794794933344934,0.979554631054024,0.9796020864558328,0.9795268677729092,0.9795664787117976,6.499084698760036e-05,23,5,
31.0,1.6254525661468506,0.0196103162109098,0.0991002082824707,0.0031487394101962,0.15,4,31,"{'learning_rate': 0.15, 'max_depth': 4, 'num_leaves': 31}",0.9794004009981452,0.9794557656335888,0.9794992664185804,0.9796772241753636,0.9795585048325608,0.9795182324116476,9.491711971791582e-05,24,5,
32.0,1.6064493656158447,0.013838058622499,0.1013216018676757,0.002101466651456,0.15,4,63,"{'learning_rate': 0.15, 'max_depth': 4, 'num_leaves': 63}",0.9794004009981452,0.9794557656335888,0.9794992664185804,0.9796772241753636,0.9795585048325608,0.9795182324116476,9.491711971791582e-05,24,5,
33.0,1.726147508621216,0.0248444442589973,0.1116302013397216,0.0035786719674713,0.15,6,15,"{'learning_rate': 0.15, 'max_depth': 6, 'num_leaves': 15}",0.980151778193452,0.9800015027543906,0.9797760895957986,0.980045003539382,0.9797839188825792,0.9799516585931204,0.0001484632325898,20,5,
34.0,1.9646071434020995,0.0215662566226188,0.1412189483642578,0.0083946022040849,0.15,6,31,"{'learning_rate': 0.15, 'max_depth': 6, 'num_leaves': 31}",0.9814014371077514,0.981504257145004,0.9816703510513348,0.9812630255191424,0.9812313143616432,0.9814140770369753,0.0001613613006051,11,5,
35.0,2.141867160797119,0.0611558446162458,0.144944953918457,0.0021976645435782,0.15,6,63,"{'learning_rate': 0.15, 'max_depth': 6, 'num_leaves': 63}",0.9823624089943804,0.982710415274312,0.9829318738160866,0.9824968659661724,0.9823939763038424,0.9825791080709588,0.0002143274491861,9,5,
36.0,1.7842741012573242,0.0324058718815295,0.1117415904998779,0.0041758001499274,0.15,8,15,"{'learning_rate': 0.15, 'max_depth': 8, 'num_leaves': 15}",0.9801992335952608,0.980523512174288,0.9802071428288957,0.9802466889970696,0.9803968869133304,0.980314692901769,0.0001263991651876,18,5,
37.0,2.0882662296295167,0.0364416455576479,0.1464734554290771,0.0071264652579093,0.15,8,31,"{'learning_rate': 0.15, 'max_depth': 8, 'num_leaves': 31}",0.982552230601616,0.9820025388639968,0.982093495050797,0.981955083462188,0.982382112406473,0.982197092077014,0.0002313038521753,10,5,
38.0,2.5727675914764405,0.0411392366262451,0.185447883605957,0.0065797152960244,0.15,8,63,"{'learning_rate': 0.15, 'max_depth': 8, 'num_leaves': 63}",0.9855577393828424,0.9855261024483032,0.9854865562801292,0.9849012729911536,0.98530063115934,0.985354460452354,0.0002435196393909,3,5,
39.0,1.731848382949829,0.0170886837620694,0.1068702220916748,0.0024007417031881,0.15,12,15,"{'learning_rate': 0.15, 'max_depth': 12, 'num_leaves': 15}",0.9804246467538528,0.9807291522487928,0.9802901897820612,0.9806302868283576,0.9807013936124775,0.9805551338451084,0.0001700261937417,17,5,
40.0,2.0766507625579833,0.0393966404842464,0.1390002250671386,0.005503521586975,0.15,12,31,"{'learning_rate': 0.15, 'max_depth': 12, 'num_leaves': 31}",0.9821369958357884,0.9834341101518967,0.9822674981907628,0.9822872712748498,0.982959488745116,0.9826170728396828,0.000499248246636,8,5,
41.0,2.6668609619140624,0.0282140651046277,0.1972599983215332,0.0020313693073357,0.15,12,63,"{'learning_rate': 0.15, 'max_depth': 12, 'num_leaves': 63}",0.9861351134381834,0.9868588083157682,0.9868588083157682,0.9868548536989508,0.9862695161111726,0.9865954199759688,0.0003237740352536,1,5,
42.0,1.7387670040130616,0.0263095733045813,0.1106295585632324,0.0029059275107624,0.15,16,15,"{'learning_rate': 0.15, 'max_depth': 16, 'num_leaves': 15}",0.9804246467538528,0.9807291522487928,0.9805511944920096,0.9804246467538528,0.9806618472879132,0.9805582975072844,0.0001230360925711,16,5,
43.0,2.0867217540740968,0.0238116391958848,0.1365072727203369,0.0072024931243648,0.15,16,31,"{'learning_rate': 0.15, 'max_depth': 16, 'num_leaves': 31}",0.9827222791247642,0.9829081461151822,0.9825601398352508,0.9826669144893204,0.9829436702152902,0.9827602299559616,0.0001454053762487,6,5,
44.0,2.6404193878173827,0.0419487613469572,0.1812257766723632,0.0052711866437703,0.15,16,63,"{'learning_rate': 0.15, 'max_depth': 16, 'num_leaves': 63}",0.9861865234568096,0.9859611102982176,0.986317025811784,0.9870209476052818,0.9862062419918692,0.9863383698327924,0.0003603353514167,2,5,
,2.3725492000579833,0.3066477457262572,0.10541682243347168,0.001676591924660937,0.01,-1,15,"{'learning_rate': 0.01, 'max_depth': -1, 'n_estimators': 100, 'num_leaves': 15}",0.9820176039041046,0.9820256569251955,0.9820377364568318,0.9820336376045387,0.9820296110777804,0.9820288491936902,6.915777728841733e-06,266,5,100.0
,2.668354320526123,0.03398443594463753,0.12931947708129882,0.00409192578239483,0.01,-1,31,"{'learning_rate': 0.01, 'max_depth': -1, 'n_estimators': 100, 'num_leaves': 31}",0.9820256569251955,0.9820256569251955,0.9820377364568318,0.982037664131297,0.9820296110777804,0.9820312651032601,5.449130197799809e-06,258,5,100.0
,3.1979169845581055,0.1365192435737302,0.15331025123596193,0.005062275597392359,0.01,-1,63,"{'learning_rate': 0.01, 'max_depth': -1, 'n_estimators': 100, 'num_leaves': 63}",0.9820256569251955,0.9820256569251955,0.9820659220306498,0.9820336376045387,0.9820416906580552,0.9820385128287269,1.4937732568185305e-05,256,5,100.0
,4.140576314926148,0.2383406073168659,0.18829021453857422,0.006237672670238651,0.01,-1,127,"{'learning_rate': 0.01, 'max_depth': -1, 'n_estimators': 100, 'num_leaves': 127}",0.9820618955201044,0.9820457894779226,0.9820739750517407,0.982065849818605,0.9820577967650884,0.9820610613266924,9.319619685158442e-06,251,5,100.0
,5.792038202285767,0.45912394902202297,0.23929061889648437,0.006518446379365743,0.01,-1,255,"{'learning_rate': 0.01, 'max_depth': -1, 'n_estimators': 100, 'num_leaves': 255}",0.9820739750517407,0.9820981341150132,0.9821303461993767,0.9821222211932209,0.9821020885594295,0.9821053530237563,1.9781508877097723e-05,244,5,100.0
,8.511589813232423,0.29763806610996596,0.5349003314971924,0.0148101840847583,0.01,-1,15,"{'learning_rate': 0.01, 'max_depth': -1, 'n_estimators': 500, 'num_leaves': 15}",0.9821625582837401,0.9821867173470127,0.9822310089630125,0.9821906721481117,0.9821624864608037,0.9821866886405362,2.5092547754186602e-05,236,5,500.0
,10.025902700424194,0.09672245471545458,0.7154242992401123,0.014267746941848321,0.01,-1,31,"{'learning_rate': 0.01, 'max_depth': -1, 'n_estimators': 500, 'num_leaves': 31}",0.9822471150051942,0.9823518042793754,0.9823397247477391,0.9823477066916848,0.9822832822635523,0.982313926597509,4.157937510996772e-05,225,5,500.0
,13.185985660552978,0.40415431453255307,0.9451315879821778,0.03419172193715728,0.01,-1,63,"{'learning_rate': 0.01, 'max_depth': -1, 'n_estimators': 500, 'num_leaves': 63}",0.9824927321484654,0.9826417130386464,0.982524944232829,0.9825450065028407,0.9824483698606419,0.9825305531566848,6.446921964915869e-05,198,5,500.0
,18.779745483398436,1.1508433935536175,1.2409518718719483,0.05892223051972743,0.01,-1,127,"{'learning_rate': 0.01, 'max_depth': -1, 'n_estimators': 500, 'num_leaves': 127}",0.9830725496670075,0.9831691859200979,0.9831007352408256,0.983060401927901,0.9831207998292752,0.9831047345170214,3.854689314321488e-05,173,5,500.0
,27.980001640319824,0.9390767290603166,1.5878583431243896,0.06082610662233988,0.01,-1,255,"{'learning_rate': 0.01, 'max_depth': -1, 'n_estimators': 500, 'num_leaves': 255}",0.9853515546357215,0.9853596076568124,0.9852669979142675,0.9852145937435828,0.9852025141633078,0.9852790536227385,6.618769412299165e-05,114,5,500.0
,14.233126401901245,0.5958738832178093,1.029341745376587,0.03809504534556526,0.01,-1,15,"{'learning_rate': 0.01, 'max_depth': -1, 'n_estimators': 1000, 'num_leaves': 15}",0.9822430884946488,0.9823276452161028,0.98234777776883,0.9823154944776186,0.9822712026832774,0.9823010417280955,3.8340137999363864e-05,229,5,1000.0
,17.754813957214356,0.6660114332165673,1.4258290767669677,0.07844431733839048,0.01,-1,31,"{'learning_rate': 0.01, 'max_depth': -1, 'n_estimators': 1000, 'num_leaves': 31}",0.9824162284481023,0.9826054744437376,0.982524944232829,0.982549033029599,0.9824403168071253,0.9825071993922785,6.995986163221803e-05,199,5,1000.0
,23.08905162811279,1.1548815693494887,1.871342945098877,0.049686751396301417,0.01,-1,63,"{'learning_rate': 0.01, 'max_depth': -1, 'n_estimators': 1000, 'num_leaves': 63}",0.9830926822197348,0.9832658221731883,0.9831490533673708,0.9831932773109243,0.9831207998292752,0.9831643269800987,6.066343819364539e-05,171,5,1000.0
,33.40751886367798,0.8889337789085138,2.7242923736572267,0.029642734657823248,0.01,-1,127,"{'learning_rate': 0.01, 'max_depth': -1, 'n_estimators': 1000, 'num_leaves': 127}",0.9852508918720858,0.9852790774459038,0.985299209998631,0.9853957874477055,0.9852830446984735,0.9853016022925599,4.9598117463990834e-05,113,5,1000.0
,52.08795456886291,1.0799293348672083,3.8642021656036376,0.11930346858210668,0.01,-1,255,"{'learning_rate': 0.01, 'max_depth': -1, 'n_estimators': 1000, 'num_leaves': 255}",0.9898934585309679,0.9898652729571499,0.9900384129106035,0.9899779748986322,0.9897726220339598,0.9899095482662628,9.193070896067732e-05,64,5,1000.0
,2.007355833053589,0.21460330368861733,0.09036197662353515,0.0014809415331334225,0.01,4,15,"{'learning_rate': 0.01, 'max_depth': 4, 'n_estimators': 100, 'num_leaves': 15}",0.9820256569251955,0.9820256569251955,0.9820296834357409,0.9820296110777804,0.9820416906580552,0.9820304598043934,5.892205975712557e-06,264,5,100.0
,1.8625677108764649,0.04165623353553043,0.09418649673461914,0.006655937100639797,0.01,4,31,"{'learning_rate': 0.01, 'max_depth': 4, 'n_estimators': 100, 'num_leaves': 31}",0.9820256569251955,0.9820256569251955,0.9820296834357409,0.9820255845510222,0.9820457171848136,0.9820304598043936,7.78837336269747e-06,260,5,100.0
,1.946901512145996,0.12808456518134143,0.09897804260253906,0.0063306021102194,0.01,4,63,"{'learning_rate': 0.01, 'max_depth': 4, 'n_estimators': 100, 'num_leaves': 63}",0.9820256569251955,0.9820256569251955,0.9820296834357409,0.9820255845510222,0.9820457171848136,0.9820304598043936,7.78837336269747e-06,260,5,100.0
,1.8486730575561523,0.04774840594135103,0.09541006088256836,0.004788164474190329,0.01,4,127,"{'learning_rate': 0.01, 'max_depth': 4, 'n_estimators': 100, 'num_leaves': 127}",0.9820256569251955,0.9820256569251955,0.9820296834357409,0.9820255845510222,0.9820457171848136,0.9820304598043936,7.78837336269747e-06,260,5,100.0
,1.839471960067749,0.0190226109539267,0.0951648235321045,0.00437082279469105,0.01,4,255,"{'learning_rate': 0.01, 'max_depth': 4, 'n_estimators': 100, 'num_leaves': 255}",0.9820256569251955,0.9820256569251955,0.9820296834357409,0.9820255845510222,0.9820457171848136,0.9820304598043936,7.78837336269747e-06,260,5,100.0
,7.370833253860473,0.23852613335581796,0.43068599700927734,0.02194603228324837,0.01,4,15,"{'learning_rate': 0.01, 'max_depth': 4, 'n_estimators': 500, 'num_leaves': 15}",0.9822189294313762,0.9822873801106485,0.982198796878649,0.9821987252016283,0.9822027517283866,0.9822213166701378,3.385926638709735e-05,235,5,500.0
,7.239465141296387,0.08327672488616292,0.3988912105560303,0.005931421730626657,0.01,4,31,"{'learning_rate': 0.01, 'max_depth': 4, 'n_estimators': 500, 'num_leaves': 31}",0.9822269824524671,0.9822753005790122,0.9822028233891944,0.9822108047819031,0.9822108047819031,0.982225343196896,2.6185110069127838e-05,231,5,500.0
,7.495829343795776,0.27772698457982303,0.40311098098754883,0.01013839302746225,0.01,4,63,"{'learning_rate': 0.01, 'max_depth': 4, 'n_estimators': 500, 'num_leaves': 63}",0.9822269824524671,0.9822753005790122,0.9822028233891944,0.9822108047819031,0.9822108047819031,0.982225343196896,2.6185110069127838e-05,231,5,500.0
,7.453688097000122,0.1972230056455137,0.4123839855194092,0.014549782064395767,0.01,4,127,"{'learning_rate': 0.01, 'max_depth': 4, 'n_estimators': 500, 'num_leaves': 127}",0.9822269824524671,0.9822753005790122,0.9822028233891944,0.9822108047819031,0.9822108047819031,0.982225343196896,2.6185110069127838e-05,231,5,500.0
,7.470182704925537,0.11010712893539583,0.4029075145721436,0.009424376442344663,0.01,4,255,"{'learning_rate': 0.01, 'max_depth': 4, 'n_estimators': 500, 'num_leaves': 255}",0.9822269824524671,0.9822753005790122,0.9822028233891944,0.9822108047819031,0.9822108047819031,0.982225343196896,2.6185110069127838e-05,231,5,500.0
,12.885367155075073,0.26148454961477224,0.7903114318847656,0.02607888286326855,0.01,4,15,"{'learning_rate': 0.01, 'max_depth': 4, 'n_estimators': 1000, 'num_leaves': 15}",0.9823518042793754,0.9823960958953751,0.9823960958953751,0.9823839454325094,0.9823597862719596,0.9823775455549189,1.8478063172805283e-05,219,5,1000.0
,13.088649368286132,0.357138210978964,0.8119044303894043,0.03057602108278614,0.01,4,31,"{'learning_rate': 0.01, 'max_depth': 4, 'n_estimators': 1000, 'num_leaves': 31}",0.9823558307899208,0.9824001224059206,0.9823920693848297,0.9823839454325094,0.9823678393254762,0.9823799614677313,1.611318097044089e-05,215,5,1000.0
,13.392788362503051,0.48187269436032915,0.7965944290161133,0.041365730885303015,0.01,4,63,"{'learning_rate': 0.01, 'max_depth': 4, 'n_estimators': 1000, 'num_leaves': 63}",0.9823558307899208,0.9824001224059206,0.9823920693848297,0.9823839454325094,0.9823678393254762,0.9823799614677313,1.611318097044089e-05,215,5,1000.0
,13.563122892379761,0.13745147601240884,0.8243379592895508,0.05242527636125687,0.01,4,127,"{'learning_rate': 0.01, 'max_depth': 4, 'n_estimators': 1000, 'num_leaves': 127}",0.9823558307899208,0.9824001224059206,0.9823920693848297,0.9823839454325094,0.9823678393254762,0.9823799614677313,1.611318097044089e-05,215,5,1000.0
,14.189370441436768,0.2561631748971652,0.8329809665679931,0.015128236442914032,0.01,4,255,"{'learning_rate': 0.01, 'max_depth': 4, 'n_estimators': 1000, 'num_leaves': 255}",0.9823558307899208,0.9824001224059206,0.9823920693848297,0.9823839454325094,0.9823678393254762,0.9823799614677313,1.611318097044089e-05,215,5,1000.0
,2.3393295764923097,0.10836235465262381,0.11063485145568848,0.003781037228153944,0.01,6,15,"{'learning_rate': 0.01, 'max_depth': 6, 'n_estimators': 100, 'num_leaves': 15}",0.9820095508830138,0.9820095508830138,0.9820296834357409,0.9820135049707472,0.9820255845510222,0.9820175749447075,8.439255519169513e-06,270,5,100.0
,2.6411719799041746,0.09204647276763524,0.13033075332641603,0.0022426438393842603,0.01,6,31,"{'learning_rate': 0.01, 'max_depth': 6, 'n_estimators': 100, 'num_leaves': 31}",0.9820377364568318,0.9820337099462864,0.9820578690095589,0.982037664131297,0.9820698763453632,0.9820473711778674,1.4073882798322576e-05,253,5,100.0
,3.0055964946746827,0.04727268026110241,0.15294599533081055,0.01523492555586899,0.01,6,63,"{'learning_rate': 0.01, 'max_depth': 6, 'n_estimators': 100, 'num_leaves': 63}",0.9820578690095589,0.9820498159884681,0.9820739750517407,0.9820537702383301,0.9820859824523964,0.9820642825480987,1.3607012561165753e-05,249,5,100.0
,3.0427722454071047,0.16870295744600755,0.138962984085083,0.00737456073769627,0.01,6,127,"{'learning_rate': 0.01, 'max_depth': 6, 'n_estimators': 100, 'num_leaves': 127}",0.9820498159884681,0.9820498159884681,0.9820780015622861,0.9820577967650884,0.9820859824523964,0.9820642825513414,1.4964793838560194e-05,247,5,100.0
,3.164935255050659,0.25955865584727333,0.1414501667022705,0.010918202572672397,0.01,6,255,"{'learning_rate': 0.01, 'max_depth': 6, 'n_estimators': 100, 'num_leaves': 255}",0.9820498159884681,0.9820498159884681,0.9820780015622861,0.9820577967650884,0.9820859824523964,0.9820642825513414,1.4964793838560194e-05,247,5,100.0
,8.437128973007201,0.07893406456956792,0.5664337635040283,0.011687220879695136,0.01,6,15,"{'learning_rate': 0.01, 'max_depth': 6, 'n_estimators': 500, 'num_leaves': 15}",0.9821947703681035,0.9821343727099221,0.9822189294313762,0.9821946986748701,0.9821785925678369,0.9821842727504219,2.807940144817931e-05,240,5,500.0
,10.255618286132812,0.2993374315950838,0.7178724765777588,0.03304064174944258,0.01,6,31,"{'learning_rate': 0.01, 'max_depth': 6, 'n_estimators': 500, 'num_leaves': 31}",0.9823679103215571,0.9823960958953751,0.9823960958953751,0.9823557597452014,0.982363812798718,0.9823759349312453,1.6919264398030327e-05,220,5,500.0
,12.508663749694824,0.5494232772517252,0.7443129539489746,0.04845533153219064,0.01,6,63,"{'learning_rate': 0.01, 'max_depth': 6, 'n_estimators': 500, 'num_leaves': 63}",0.9825611828277379,0.9826698986124645,0.9826175539753739,0.9826738553591058,0.9826496961985561,0.9826344373946476,4.170224552061195e-05,187,5,500.0
,12.766190528869629,0.29130121264657116,0.7349515914916992,0.009870160597678307,0.01,6,127,"{'learning_rate': 0.01, 'max_depth': 6, 'n_estimators': 500, 'num_leaves': 127}",0.982581315380465,0.982694057675737,0.9826457395491919,0.982677881885864,0.982661775778831,0.9826521540540177,3.8909320158434184e-05,184,5,500.0
,12.826055240631103,0.5134477509722634,0.739076042175293,0.022390431483753727,0.01,6,255,"{'learning_rate': 0.01, 'max_depth': 6, 'n_estimators': 500, 'num_leaves': 255}",0.982581315380465,0.982694057675737,0.9826457395491919,0.982677881885864,0.982661775778831,0.9826521540540177,3.8909320158434184e-05,184,5,500.0
,14.47774271965027,0.3633669616081765,1.0790942668914796,0.00826837961315716,0.01,6,15,"{'learning_rate': 0.01, 'max_depth': 6, 'n_estimators': 1000, 'num_leaves': 15}",0.9822551680262851,0.9823437512582845,0.9823236187055574,0.982307441424102,0.982279255736794,0.9823018470302045,3.146605589076854e-05,227,5,1000.0
,17.97033557891846,0.4029607472668509,1.4419533729553222,0.07585378647338224,0.01,6,31,"{'learning_rate': 0.01, 'max_depth': 6, 'n_estimators': 1000, 'num_leaves': 31}",0.9825450767855561,0.9826215804859193,0.9826014479331922,0.9826013778774567,0.9825611126098739,0.9825861191383997,2.8408130635973715e-05,191,5,1000.0
,20.88004355430603,0.45679469060720274,1.5055808544158935,0.04669945538705981,0.01,6,63,"{'learning_rate': 0.01, 'max_depth': 6, 'n_estimators': 1000, 'num_leaves': 63}",0.9828873301819178,0.9830202050299169,0.9829437013295538,0.9830161101335599,0.9829677918124605,0.9829670276974818,4.926116424888094e-05,179,5,1000.0
,20.267050981521606,0.5252625798004206,1.4227539539337157,0.07038307287512696,0.01,6,127,"{'learning_rate': 0.01, 'max_depth': 6, 'n_estimators': 1000, 'num_leaves': 127}",0.9828953832030086,0.9830161785193715,0.9829235687768266,0.9829959774997685,0.9829637652857022,0.9829589746569354,4.463606554821237e-05,180,5,1000.0
,20.470826864242554,0.5984229828931936,1.4662029266357421,0.030047136316063795,0.01,6,255,"{'learning_rate': 0.01, 'max_depth': 6, 'n_estimators': 1000, 'num_leaves': 255}",0.9828953832030086,0.9830161785193715,0.9829235687768266,0.9829959774997685,0.9829637652857022,0.9829589746569354,4.463606554821237e-05,180,5,1000.0
,2.355678939819336,0.05428466567388904,0.11457829475402832,0.006571310802942104,0.01,8,15,"{'learning_rate': 0.01, 'max_depth': 8, 'n_estimators': 100, 'num_leaves': 15}",0.9820176039041046,0.9820256569251955,0.9820377364568318,0.9820215580242638,0.9820296110777804,0.9820264332776352,6.930929651943757e-06,269,5,100.0
,2.827651023864746,0.11797470340145982,0.1322340965270996,0.0015311372201596903,0.01,8,31,"{'learning_rate': 0.01, 'max_depth': 8, 'n_estimators': 100, 'num_leaves': 31}",0.9820216304146501,0.9820256569251955,0.9820417629673772,0.9820296110777804,0.9820336376045387,0.9820304597979084,6.922514223814303e-06,265,5,100.0
,3.340692901611328,0.13700541597534432,0.1644885540008545,0.0036865457540183584,0.01,8,63,"{'learning_rate': 0.01, 'max_depth': 8, 'n_estimators': 100, 'num_leaves': 63}",0.9820337099462864,0.9820337099462864,0.9820699485411952,0.9820457171848136,0.9820577967650884,0.982048176476734,1.4079643902178415e-05,252,5,100.0
,4.430118799209595,0.46679783404195285,0.19156980514526367,0.0018859874951411466,0.01,8,127,"{'learning_rate': 0.01, 'max_depth': 8, 'n_estimators': 100, 'num_leaves': 127}",0.9820659220306498,0.9820860545833769,0.982114240157195,0.9820900089791547,0.982094035505913,0.9820900522512579,1.54865869630735e-05,245,5,100.0
,4.744153642654419,0.1200338877084951,0.2200695037841797,0.019284939164378425,0.01,8,255,"{'learning_rate': 0.01, 'max_depth': 8, 'n_estimators': 100, 'num_leaves': 255}",0.9821102136466495,0.9821383992204675,0.9821786643259218,0.9821705395143203,0.9821826190945951,0.9821560871603909,2.7712036922043437e-05,241,5,100.0
,8.602482461929322,0.3072113311922452,0.5500036716461182,0.02031037700305132,0.01,8,15,"{'learning_rate': 0.01, 'max_depth': 8, 'n_estimators': 500, 'num_leaves': 15}",0.9821545052626492,0.9821907438575581,0.982235035473558,0.9821866456213535,0.9821624864608037,0.9821858833351845,2.8185583660615182e-05,238,5,500.0
,10.74425287246704,0.2668159466448137,0.7754053592681884,0.022719547057929272,0.01,8,31,"{'learning_rate': 0.01, 'max_depth': 8, 'n_estimators': 500, 'num_leaves': 31}",0.9822753005790122,0.9824122019375569,0.9823316717266483,0.9823718658522346,0.9823195210043768,0.9823421122199656,4.6649779066116245e-05,222,5,500.0
,13.317400789260864,0.4086475118598224,0.9598840236663818,0.016104000892730796,0.01,8,63,"{'learning_rate': 0.01, 'max_depth': 8, 'n_estimators': 500, 'num_leaves': 63}",0.9825329972539198,0.982750428823373,0.9826175539753739,0.9826295635647647,0.9825892982971818,0.9826239683829228,7.147370822936136e-05,188,5,500.0
,17.35816373825073,0.6231535418703337,1.1226447582244874,0.0684657120379692,0.01,8,127,"{'learning_rate': 0.01, 'max_depth': 8, 'n_estimators': 500, 'num_leaves': 127}",0.9832698486837337,0.9832738751942791,0.9833302463419151,0.9833905771220802,0.9833342057474643,0.9833197506178945,4.456514829695901e-05,155,5,500.0
,20.379273080825804,0.7316140800768149,1.0748913764953614,0.017023644860512548,0.01,8,255,"{'learning_rate': 0.01, 'max_depth': 8, 'n_estimators': 500, 'num_leaves': 255}",0.9837932950546397,0.9837369239070037,0.9838818782866392,0.9838294685387332,0.9839623439217565,0.9838407819417545,7.69879386176255e-05,149,5,500.0
,14.308749675750732,0.4286891450889954,1.049806833267212,0.008324700087611894,0.01,8,15,"{'learning_rate': 0.01, 'max_depth': 8, 'n_estimators': 1000, 'num_leaves': 15}",0.9822471150051942,0.9823034861528303,0.9823518042793754,0.9823235475311352,0.982279255736794,0.9823010417410657,3.597789280946699e-05,228,5,1000.0
,17.954614067077635,0.35538657028008164,1.5335724353790283,0.03540936087068631,0.01,8,31,"{'learning_rate': 0.01, 'max_depth': 8, 'n_estimators': 1000, 'num_leaves': 31}",0.982524944232829,0.9826537925702827,0.9825933949121013,0.9825691656633904,0.9825450065028407,0.9825772607762888,4.46325342288131e-05,193,5,1000.0
,23.295911645889284,0.9408266695726264,2.063453960418701,0.04094724418344772,0.01,8,63,"{'learning_rate': 0.01, 'max_depth': 8, 'n_estimators': 1000, 'num_leaves': 63}",0.9830926822197348,0.9832899812364608,0.9832295835782794,0.9832778343728483,0.9832939404798815,0.9832368043774409,7.562950395561238e-05,164,5,1000.0
,30.241011905670167,1.4603773157212128,2.4428736209869384,0.14694023669535838,0.01,8,127,"{'learning_rate': 0.01, 'max_depth': 8, 'n_estimators': 1000, 'num_leaves': 127}",0.9842402377251827,0.9841073628771834,0.9842321847040918,0.9843368109102769,0.9843891557581346,0.9842611503949741,9.699158541653187e-05,136,5,1000.0
,31.805367088317873,0.5371639024410617,2.3204641819000242,0.05089714494125031,0.01,8,255,"{'learning_rate': 0.01, 'max_depth': 8, 'n_estimators': 1000, 'num_leaves': 255}",0.9847475780539069,0.9846428887797257,0.984795896180452,0.9849327368705029,0.984948842977536,0.9848135885724247,0.00011515111771331193,125,5,1000.0
,2.2857785701751707,0.05720813197520208,0.10813765525817871,0.005681771134527411,0.01,10,15,"{'learning_rate': 0.01, 'max_depth': 10, 'n_estimators': 100, 'num_leaves': 15}",0.9820176039041046,0.9820256569251955,0.9820377364568318,0.9820336376045387,0.9820296110777804,0.9820288491936902,6.915777728841733e-06,266,5,100.0
,2.7924853801727294,0.19003257817931526,0.12980189323425292,0.003042567315622319,0.01,10,31,"{'learning_rate': 0.01, 'max_depth': 10, 'n_estimators': 100, 'num_leaves': 31}",0.9820296834357409,0.9820256569251955,0.9820337099462864,0.982037664131297,0.9820296110777804,0.9820312651032601,4.089350825572359e-06,258,5,100.0
,3.1641902923583984,0.030015083335332184,0.15583624839782714,0.007840780992968218,0.01,10,63,"{'learning_rate': 0.01, 'max_depth': 10, 'n_estimators': 100, 'num_leaves': 63}",0.9820256569251955,0.9820337099462864,0.9820659220306498,0.9820416906580552,0.9820457171848136,0.9820425393490002,1.3568664663171228e-05,254,5,100.0
,3.899497556686401,0.09574816315789535,0.19157285690307618,0.006809456901435008,0.01,10,127,"{'learning_rate': 0.01, 'max_depth': 10, 'n_estimators': 100, 'num_leaves': 127}",0.9820498159884681,0.9820659220306498,0.9820780015622861,0.9820819559256381,0.9820497437115718,0.9820650878437227,1.3569555164770892e-05,246,5,100.0
,5.17485499382019,0.39723652359791634,0.2312310218811035,0.00550813181594051,0.01,10,255,"{'learning_rate': 0.01, 'max_depth': 10, 'n_estimators': 100, 'num_leaves': 255}",0.9821263196888312,0.9821545052626492,0.9821464522415584,0.9822148313086615,0.9821383273002541,0.9821560871603909,3.081468485169557e-05,241,5,100.0
,8.23016815185547,0.07223204659767267,0.533985948562622,0.005094726948519179,0.01,10,15,"{'learning_rate': 0.01, 'max_depth': 10, 'n_estimators': 500, 'num_leaves': 15}",0.9821625582837401,0.9821867173470127,0.9822310089630125,0.9821826190945951,0.9821624864608037,0.9821850780298329,2.5043571236362334e-05,239,5,500.0
,10.52929620742798,0.3704197008012237,0.7410733222961425,0.018030868958045843,0.01,10,31,"{'learning_rate': 0.01, 'max_depth': 10, 'n_estimators': 500, 'num_leaves': 31}",0.982263221047376,0.9823518042793754,0.9823679103215571,0.9823557597452014,0.9822913353170688,0.9823260061421157,4.1111592691653446e-05,223,5,500.0
,13.385559606552125,0.4832683796317456,0.9814134120941163,0.02597579793462343,0.01,10,63,"{'learning_rate': 0.01, 'max_depth': 10, 'n_estimators': 500, 'num_leaves': 63}",0.9825289707433744,0.9826900311651916,0.9825893684015559,0.982577218716907,0.9825248738690493,0.9825820925792156,5.970484185267083e-05,192,5,500.0
,17.427626180648804,0.5224528074441736,1.217268180847168,0.028572903385613184,0.01,10,127,"{'learning_rate': 0.01, 'max_depth': 10, 'n_estimators': 500, 'num_leaves': 127}",0.9832416631099157,0.9833463523840968,0.9833221933208243,0.9832577017390569,0.9832939404798815,0.983292370206755,3.893346037395793e-05,157,5,500.0
,25.477119636535644,5.244134983781614,1.4237505435943603,0.018309705401124053,0.01,10,255,"{'learning_rate': 0.01, 'max_depth': 10, 'n_estimators': 500, 'num_leaves': 255}",0.9850173542604508,0.9849247445179059,0.9849770891549965,0.9850132674056685,0.9851219836281422,0.9850108877934328,6.473449485168345e-05,119,5,500.0
,164.70192642211913,249.70444979740975,0.9317666530609131,0.0392715993540944,0.01,10,15,"{'learning_rate': 0.01, 'max_depth': 10, 'n_estimators': 1000, 'num_leaves': 15}",0.9822430884946488,0.9823155656844665,0.9823356982371937,0.9822953618438272,0.9822712026832774,0.9822921833886827,3.25603286029674e-05,230,5,1000.0
,33.01562051773071,23.8935007930292,1.3451324939727782,0.028358632374748383,0.01,10,31,"{'learning_rate': 0.01, 'max_depth': 10, 'n_estimators': 1000, 'num_leaves': 31}",0.9824725995957383,0.9826578190808282,0.9825611828277379,0.9825691656633904,0.9824765555479499,0.9825474645431289,6.851291832804929e-05,196,5,1000.0
,25.51844491958618,0.9022245489292294,2.367841911315918,0.1393560171877673,0.01,10,63,"{'learning_rate': 0.01, 'max_depth': 10, 'n_estimators': 1000, 'num_leaves': 63}",0.9832215305571885,0.9833705114473695,0.983253742641552,0.9833100465869146,0.9832738078460901,0.9832859278158228,5.111925639792852e-05,158,5,1000.0
,35.01855597496033,4.0101130785097725,2.8622640132904054,0.07357985472711359,0.01,10,127,"{'learning_rate': 0.01, 'max_depth': 10, 'n_estimators': 1000, 'num_leaves': 127}",0.9848764263913607,0.9848361612859065,0.984888505922997,0.984864285915612,0.9849528695042943,0.9848836498040342,3.8722722050297834e-05,124,5,1000.0
,46.47971034049988,0.814865315199041,3.5110909938812256,0.3315240224979291,0.01,10,255,"{'learning_rate': 0.01, 'max_depth': 10, 'n_estimators': 1000, 'num_leaves': 255}",0.9872923327186194,0.9870104769804392,0.9872802531869831,0.9874090508268473,0.9871553796410754,0.9872294986707928,0.0001358140247805026,89,5,1000.0
,2.4075263023376463,0.1076789303978232,0.11857285499572753,0.017258265333260924,0.01,12,15,"{'learning_rate': 0.01, 'max_depth': 12, 'n_estimators': 100, 'num_leaves': 15}",0.9820176039041046,0.9820256569251955,0.9820377364568318,0.9820336376045387,0.9820296110777804,0.9820288491936902,6.915777728841733e-06,266,5,100.0
,2.8900614261627195,0.0647441977931605,0.1426473617553711,0.015353728086702673,0.01,12,31,"{'learning_rate': 0.01, 'max_depth': 12, 'n_estimators': 100, 'num_leaves': 31}",0.9820256569251955,0.9820256569251955,0.9820498159884681,0.982037664131297,0.9820336376045387,0.9820344863149391,8.9636372432423e-06,257,5,100.0
,3.4884775638580323,0.19156597777883969,0.16295838356018066,0.008770565840105996,0.01,12,63,"{'learning_rate': 0.01, 'max_depth': 12, 'n_estimators': 100, 'num_leaves': 63}",0.9820256569251955,0.9820256569251955,0.9820618955201044,0.9820497437115718,0.9820416906580552,0.9820409287480245,1.4031013974232368e-05,255,5,100.0
,4.583845138549805,0.4100509530783763,0.21290645599365235,0.022071572244829193,0.01,12,127,"{'learning_rate': 0.01, 'max_depth': 12, 'n_estimators': 100, 'num_leaves': 127}",0.9820457894779226,0.9820618955201044,0.9820860545833769,0.982065849818605,0.9820537702383301,0.9820626719276678,1.3577242503459458e-05,250,5,100.0
,6.03175835609436,0.0712082278275738,0.2929206371307373,0.010672125369945336,0.01,12,255,"{'learning_rate': 0.01, 'max_depth': 12, 'n_estimators': 100, 'num_leaves': 255}",0.9820941076044678,0.9821021606255587,0.9821464522415584,0.9821624864608037,0.9821463803537707,0.982130317457232,2.704497479516057e-05,243,5,100.0
,9.117037487030029,0.43933598018651193,0.619982385635376,0.05593224722990838,0.01,12,15,"{'learning_rate': 0.01, 'max_depth': 12, 'n_estimators': 500, 'num_leaves': 15}",0.9821625582837401,0.9821867173470127,0.9822310089630125,0.9821906721481117,0.9821624864608037,0.9821866886405362,2.5092547754186602e-05,236,5,500.0
,10.988377857208253,0.7883251997729429,0.80662841796875,0.07249848335930378,0.01,12,31,"{'learning_rate': 0.01, 'max_depth': 12, 'n_estimators': 500, 'num_leaves': 31}",0.9822390619841034,0.9823598573004663,0.9823437512582845,0.9823597862719596,0.9822953618438272,0.9823195637317281,4.667488321111874e-05,224,5,500.0
,14.526023149490356,0.37627406733583507,1.0314252376556396,0.03017406628776425,0.01,12,63,"{'learning_rate': 0.01, 'max_depth': 12, 'n_estimators': 500, 'num_leaves': 63}",0.9825410502750107,0.9826497660597373,0.9825370237644653,0.9825731921901487,0.9825289003958075,0.9825659865370339,4.451285452728101e-05,194,5,500.0
,19.00929183959961,0.8840375254877664,1.3346057415008545,0.0256254088838592,0.01,12,127,"{'learning_rate': 0.01, 'max_depth': 12, 'n_estimators': 500, 'num_leaves': 127}",0.9832336100888248,0.9833181668102788,0.9832577691520974,0.9831610650968581,0.9831892507841661,0.9832319723864449,5.468201332266119e-05,166,5,500.0
,28.507608318328856,1.3103227607257828,1.6485591888427735,0.06759625039979451,0.01,12,255,"{'learning_rate': 0.01, 'max_depth': 12, 'n_estimators': 500, 'num_leaves': 255}",0.9853797402095396,0.9853233690619035,0.9852669979142675,0.9852347263773742,0.9851380897351754,0.9852685846596522,8.18959258507366e-05,115,5,500.0
,14.616629123687744,0.318719475489599,1.0648513793945313,0.02156372096831337,0.01,12,15,"{'learning_rate': 0.01, 'max_depth': 12, 'n_estimators': 1000, 'num_leaves': 15}",0.9822430884946488,0.9823276452161028,0.98234777776883,0.9823154944776186,0.9822752292100357,0.9823018470334471,3.774256434963674e-05,226,5,1000.0
,18.212964487075805,0.530579540544822,1.4102847576141357,0.02628584004503098,0.01,12,31,"{'learning_rate': 0.01, 'max_depth': 12, 'n_estimators': 1000, 'num_leaves': 31}",0.982404148916466,0.9826175539753739,0.9825571563171924,0.9825892982971818,0.9824966881817413,0.9825329691375911,7.59256818054258e-05,197,5,1000.0
,23.6072208404541,0.5086022972464983,2.114815902709961,0.12270008320185638,0.01,12,63,"{'learning_rate': 0.01, 'max_depth': 12, 'n_estimators': 1000, 'num_leaves': 63}",0.9832376365993702,0.9832980342575517,0.9832336100888248,0.9832818608996066,0.9831852242574078,0.9832472732205522,3.975577916058364e-05,163,5,1000.0
,33.98403902053833,0.5315943868532673,3.0724589347839357,0.07545203205255263,0.01,12,127,"{'learning_rate': 0.01, 'max_depth': 12, 'n_estimators': 1000, 'num_leaves': 127}",0.9851824411928135,0.9852388123404495,0.9852307593193587,0.9853514956533643,0.9852347263773742,0.9852476469766721,5.5797002701362146e-05,116,5,1000.0
,48.60067467689514,1.2241895338204178,3.75814528465271,0.09435666447998176,0.01,12,255,"{'learning_rate': 0.01, 'max_depth': 12, 'n_estimators': 1000, 'num_leaves': 255}",0.9886210811986117,0.9884640472873398,0.9888465657891558,0.9886371414881238,0.9884438682037261,0.9886025407933914,0.0001452216204213662,74,5,1000.0
,2.0242029666900634,0.05538996777230632,0.11802825927734376,0.004860393246659515,0.1,-1,15,"{'learning_rate': 0.1, 'max_depth': -1, 'n_estimators': 100, 'num_leaves': 15}",0.9822591945368305,0.982581315380465,0.9824766261062837,0.9825691656633904,0.9824685024944333,0.9824709608362806,0.00011550360842972042,208,5,100.0
,2.399126958847046,0.055431997929408595,0.14908838272094727,0.0061288686977911825,0.1,-1,31,"{'learning_rate': 0.1, 'max_depth': -1, 'n_estimators': 100, 'num_leaves': 31}",0.9830725496670075,0.9830846291986439,0.9829195422662812,0.9829436326519108,0.982846996009712,0.9829734699587112,9.161581291663153e-05,178,5,100.0
,3.0421332359313964,0.06763731307028073,0.1892396926879883,0.003992313795920547,0.1,-1,63,"{'learning_rate': 0.1, 'max_depth': -1, 'n_estimators': 100, 'num_leaves': 63}",0.9838939578182755,0.9837973215651852,0.9837087383331857,0.9839019460203823,0.9839140256006571,0.9838431978675372,7.902972521282784e-05,148,5,100.0
,4.176829195022583,0.15302290323307066,0.272321081161499,0.023788874582857243,0.1,-1,127,"{'learning_rate': 0.1, 'max_depth': -1, 'n_estimators': 100, 'num_leaves': 127}",0.986495083630624,0.9861246446604444,0.9863742883142611,0.9864346313513427,0.9861729071120542,0.9863203110137452,0.00014597355117817123,98,5,100.0
,6.1587611675262455,0.3345895619382886,0.37695698738098143,0.011233829430220528,0.1,-1,255,"{'learning_rate': 0.1, 'max_depth': -1, 'n_estimators': 100, 'num_leaves': 255}",0.9903323481804199,0.990034386400058,0.9899015115520587,0.9901189033351722,0.9899256300507745,0.9900625559036966,0.000155846333894383,63,5,100.0
,6.035892534255981,0.30826254655156216,0.35025525093078613,0.013277020819648577,0.1,-1,15,"{'learning_rate': 0.1, 'max_depth': -1, 'n_estimators': 500, 'num_leaves': 15}",0.9839100638604572,0.9841073628771834,0.9839020108393663,0.9842603069018695,0.9839784500287897,0.9840316389015331,0.00013596775806311965,137,5,500.0
,7.209527540206909,0.1877785440079858,0.47538180351257325,0.01800930807759054,0.1,-1,31,"{'learning_rate': 0.1, 'max_depth': -1, 'n_estimators': 500, 'num_leaves': 31}",0.9868614960902583,0.9870749011491661,0.9866199054575324,0.9867487004384887,0.9867164882244225,0.9868042982719736,0.00015575618197558359,94,5,500.0
,10.083562231063842,0.6717794958272051,0.6780579090118408,0.03942166036678443,0.1,-1,63,"{'learning_rate': 0.1, 'max_depth': -1, 'n_estimators': 500, 'num_leaves': 63}",0.9909765898676889,0.990875927104053,0.9907752643404173,0.9908879699460043,0.9908718638389712,0.9908775230194269,6.389802720206001e-05,53,5,500.0
,14.333525323867798,0.7365898940143638,0.9273953437805176,0.049520145382011514,0.1,-1,127,"{'learning_rate': 0.1, 'max_depth': -1, 'n_estimators': 500, 'num_leaves': 127}",0.9940286848611256,0.9936662989120368,0.9937870942283998,0.9939481302822998,0.993682379516253,0.993822517560023,0.00014393141544172827,22,5,500.0
,22.514820671081544,1.5150479544002806,1.324309778213501,0.06955880798069404,0.1,-1,255,"{'learning_rate': 0.1, 'max_depth': -1, 'n_estimators': 500, 'num_leaves': 255}",0.9950634980713015,0.9949990739025746,0.9949829678603929,0.9947977274282976,0.9948863110169799,0.9949459156559094,9.331318582029366e-05,11,5,500.0
,9.992193031311036,0.13665638322470794,0.6325701713562012,0.01959323946975332,0.1,-1,15,"{'learning_rate': 0.1, 'max_depth': -1, 'n_estimators': 1000, 'num_leaves': 15}",0.9861326976815352,0.9861488037237169,0.9860602204917175,0.9864346313513427,0.9859474216135903,0.9861447549723806,0.00016141661540407433,99,5,1000.0
,12.177868127822876,0.4336369523995074,0.8300384044647217,0.01696454787748591,0.1,-1,31,"{'learning_rate': 0.1, 'max_depth': -1, 'n_estimators': 1000, 'num_leaves': 31}",0.9904410639651465,0.9904128783913285,0.990529647197146,0.9903282827266029,0.9906101395996827,0.9904644023759813,9.71845527053488e-05,59,5,1000.0
,16.698663806915285,1.0978003746919784,1.1411612033843994,0.029749823411014033,0.1,-1,63,"{'learning_rate': 0.1, 'max_depth': -1, 'n_estimators': 1000, 'num_leaves': 63}",0.9937387761018546,0.9936542193804005,0.9935092650007651,0.993609902034604,0.9936300346683954,0.9936284394372039,7.40101498386163e-05,25,5,1000.0
,25.27281012535095,1.2219362031148653,1.7098795413970946,0.062459365669621104,0.1,-1,127,"{'learning_rate': 0.1, 'max_depth': -1, 'n_estimators': 1000, 'num_leaves': 127}",0.9952245584931186,0.9950111534342109,0.995236638024755,0.9951279026224769,0.9950232129267615,0.9951246931002646,9.560810135516174e-05,7,5,1000.0
,39.111449241638184,1.004066769300392,2.753857135772705,0.09960985032399451,0.1,-1,255,"{'learning_rate': 0.1, 'max_depth': -1, 'n_estimators': 1000, 'num_leaves': 255}",0.9957278723112976,0.9956956602269341,0.9956513686109344,0.9956231654137457,0.9956151123602291,0.9956626357846282,4.3103952136101764e-05,1,5,1000.0
,1.9099621772766113,0.17645425342593224,0.1095947265625,0.00611181900709136,0.1,4,15,"{'learning_rate': 0.1, 'max_depth': 4, 'n_estimators': 100, 'num_leaves': 15}",0.9823397247477391,0.9823356982371937,0.9824645465746474,0.9823879719592676,0.9823275740578934,0.9823711031153483,5.128181778142503e-05,221,5,100.0
,1.8816473960876465,0.06281275456021035,0.10721678733825683,0.0063950114783733235,0.1,4,31,"{'learning_rate': 0.1, 'max_depth': 4, 'n_estimators': 100, 'num_leaves': 31}",0.9823799898531934,0.9824363610008294,0.982432334490284,0.9824403168071253,0.9823275740578934,0.982403315241865,4.378140130729371e-05,211,5,100.0
,1.9892126083374024,0.16610146780601792,0.12485580444335938,0.015183208980143626,0.1,4,63,"{'learning_rate': 0.1, 'max_depth': 4, 'n_estimators': 100, 'num_leaves': 63}",0.9823799898531934,0.9824363610008294,0.982432334490284,0.9824403168071253,0.9823275740578934,0.982403315241865,4.378140130729371e-05,211,5,100.0
,2.157157278060913,0.06472246777696344,0.13638677597045898,0.03947232349182945,0.1,4,127,"{'learning_rate': 0.1, 'max_depth': 4, 'n_estimators': 100, 'num_leaves': 127}",0.9823799898531934,0.9824363610008294,0.982432334490284,0.9824403168071253,0.9823275740578934,0.982403315241865,4.378140130729371e-05,211,5,100.0
,2.0950818061828613,0.1517311537865635,0.11616640090942383,0.011447985383525889,0.1,4,255,"{'learning_rate': 0.1, 'max_depth': 4, 'n_estimators': 100, 'num_leaves': 255}",0.9823799898531934,0.9824363610008294,0.982432334490284,0.9824403168071253,0.9823275740578934,0.982403315241865,4.378140130729371e-05,211,5,100.0
,5.989924383163452,0.358423820843834,0.40275301933288576,0.020126761786904188,0.1,4,15,"{'learning_rate': 0.1, 'max_depth': 4, 'n_estimators': 500, 'num_leaves': 15}",0.9831289208146436,0.9832013980044614,0.98328192821537,0.9832577017390569,0.983301993533398,0.9832343884613859,6.258718342252999e-05,165,5,500.0
,5.840478754043579,0.2648409089539118,0.4004649639129639,0.011683439492628062,0.1,4,31,"{'learning_rate': 0.1, 'max_depth': 4, 'n_estimators': 500, 'num_leaves': 31}",0.9831691859200979,0.9832376365993702,0.9833181668102788,0.983386550595322,0.9832899139531232,0.9832802907756385,7.346021576602536e-05,159,5,500.0
,6.3992842674255375,0.2570525369542661,0.4163099765777588,0.014876494910248929,0.1,4,63,"{'learning_rate': 0.1, 'max_depth': 4, 'n_estimators': 500, 'num_leaves': 63}",0.9831691859200979,0.9832376365993702,0.9833181668102788,0.983386550595322,0.9832899139531232,0.9832802907756385,7.346021576602536e-05,159,5,500.0
,6.143946838378906,0.20756150353887287,0.42705597877502444,0.021634630687284006,0.1,4,127,"{'learning_rate': 0.1, 'max_depth': 4, 'n_estimators': 500, 'num_leaves': 127}",0.9831691859200979,0.9832376365993702,0.9833181668102788,0.983386550595322,0.9832899139531232,0.9832802907756385,7.346021576602536e-05,159,5,500.0
,6.229453372955322,0.34063418293490916,0.40442991256713867,0.006672720761503586,0.1,4,255,"{'learning_rate': 0.1, 'max_depth': 4, 'n_estimators': 500, 'num_leaves': 255}",0.9831691859200979,0.9832376365993702,0.9833181668102788,0.983386550595322,0.9832899139531232,0.9832802907756385,7.346021576602536e-05,159,5,500.0
,11.128988790512086,0.4322853747142807,0.782648229598999,0.018852430911845644,0.1,4,15,"{'learning_rate': 0.1, 'max_depth': 4, 'n_estimators': 1000, 'num_leaves': 15}",0.9844415632524541,0.9843570065310001,0.9845502790371808,0.9847193309523139,0.9845542433552242,0.9845244846256346,0.00012201712255806943,134,5,1000.0
,11.19540376663208,0.17257449719416335,0.7679461002349853,0.019745108113942155,0.1,4,31,"{'learning_rate': 0.1, 'max_depth': 4, 'n_estimators': 1000, 'num_leaves': 31}",0.9844979344000901,0.9844616958051813,0.9846187297164531,0.9846589330509395,0.9845743759890156,0.984562333792336,7.339239429374314e-05,130,5,1000.0
,11.449541711807251,0.5310545584521229,0.7840117931365966,0.03991268927188654,0.1,4,63,"{'learning_rate': 0.1, 'max_depth': 4, 'n_estimators': 1000, 'num_leaves': 63}",0.9844979344000901,0.9844616958051813,0.9846187297164531,0.9846589330509395,0.9845743759890156,0.984562333792336,7.339239429374314e-05,130,5,1000.0
,11.580831050872803,0.39497944013624026,0.8046655654907227,0.01763702948892868,0.1,4,127,"{'learning_rate': 0.1, 'max_depth': 4, 'n_estimators': 1000, 'num_leaves': 127}",0.9844979344000901,0.9844616958051813,0.9846187297164531,0.9846589330509395,0.9845743759890156,0.984562333792336,7.339239429374314e-05,130,5,1000.0
,11.531360054016114,0.3972512948677355,0.8383083820343018,0.12180062972175985,0.1,4,255,"{'learning_rate': 0.1, 'max_depth': 4, 'n_estimators': 1000, 'num_leaves': 255}",0.9844979344000901,0.9844616958051813,0.9846187297164531,0.9846589330509395,0.9845743759890156,0.984562333792336,7.339239429374314e-05,130,5,1000.0
,2.0224440574645994,0.029853436915154397,0.12412400245666504,0.00634628763210948,0.1,6,15,"{'learning_rate': 0.1, 'max_depth': 6, 'n_estimators': 100, 'num_leaves': 15}",0.9824162284481023,0.9824444140219203,0.9823960958953751,0.9824765555479499,0.9824282372268505,0.9824323062280396,2.7169250837080958e-05,210,5,100.0
,2.6647775173187256,0.22126603393772065,0.1761725902557373,0.0320219702822403,0.1,6,31,"{'learning_rate': 0.1, 'max_depth': 6, 'n_estimators': 100, 'num_leaves': 31}",0.9828148529921,0.9828067999710092,0.9826819781441007,0.9827584124210298,0.9828027042153709,0.9827729495487223,4.954637097435958e-05,183,5,100.0
,2.6988672733306887,0.09019295667005302,0.16160669326782226,0.006643893252687949,0.1,6,63,"{'learning_rate': 0.1, 'max_depth': 6, 'n_estimators': 100, 'num_leaves': 63}",0.9832698486837337,0.9832336100888248,0.9831530798779162,0.9832013303644409,0.9830966406687256,0.9831909019367282,6.0796417659348464e-05,168,5,100.0
,2.81068639755249,0.18367427173671608,0.17493505477905275,0.01984258819269904,0.1,6,127,"{'learning_rate': 0.1, 'max_depth': 6, 'n_estimators': 100, 'num_leaves': 127}",0.9832698486837337,0.9832336100888248,0.9831530798779162,0.9831973038376827,0.9830966406687256,0.9831900966313766,6.067950502232985e-05,169,5,100.0
,2.6231873989105225,0.08079131058649354,0.17127718925476074,0.007311193139893929,0.1,6,255,"{'learning_rate': 0.1, 'max_depth': 6, 'n_estimators': 100, 'num_leaves': 255}",0.9832698486837337,0.9832336100888248,0.9831530798779162,0.9831973038376827,0.9830966406687256,0.9831900966313766,6.067950502232985e-05,169,5,100.0
,5.843626594543457,0.22016893309544633,0.37161979675292967,0.011378752815693302,0.1,6,15,"{'learning_rate': 0.1, 'max_depth': 6, 'n_estimators': 500, 'num_leaves': 15}",0.9836724997382769,0.9836966588015494,0.9835959960379136,0.9839059725471405,0.9836965931557098,0.983713544056118,0.00010305662677821944,150,5,500.0
,7.103761768341064,0.09145724683831774,0.6183371067047119,0.08825465104578073,0.1,6,31,"{'learning_rate': 0.1, 'max_depth': 6, 'n_estimators': 500, 'num_leaves': 31}",0.9855005355259026,0.9855528801629931,0.9855287210997206,0.9857501218024345,0.9857098565348515,0.9856084230251805,0.0001014341355973381,112,5,500.0
,9.306677436828613,0.5307264267356817,0.7614170551300049,0.0769770629662987,0.1,6,63,"{'learning_rate': 0.1, 'max_depth': 6, 'n_estimators': 500, 'num_leaves': 63}",0.9869218937484397,0.9866964091578956,0.9869742383855303,0.9870104246777772,0.9865916658949158,0.9868389263729117,0.00016495665811806212,92,5,500.0
,9.740971851348878,1.0361842403371242,0.7445719242095947,0.031282606179810844,0.1,6,127,"{'learning_rate': 0.1, 'max_depth': 6, 'n_estimators': 500, 'num_leaves': 127}",0.986756806816077,0.9866118524364416,0.9871191927651658,0.9870265307848103,0.9867245412779391,0.9868477848160868,0.00019221990016862444,90,5,500.0
,9.60471544265747,0.338376687702621,0.7633612632751465,0.05722023115438563,0.1,6,255,"{'learning_rate': 0.1, 'max_depth': 6, 'n_estimators': 500, 'num_leaves': 255}",0.986756806816077,0.9866118524364416,0.9871191927651658,0.9870265307848103,0.9867245412779391,0.9868477848160868,0.00019221990016862444,90,5,500.0
,10.33981375694275,0.19039313767441737,0.7735436439514161,0.034010675651017966,0.1,6,15,"{'learning_rate': 0.1, 'max_depth': 6, 'n_estimators': 1000, 'num_leaves': 15}",0.9854602704204483,0.9856253573528109,0.9856535429266289,0.9857541483291927,0.9856252994729277,0.9856237237004016,9.446893315249193e-05,111,5,1000.0
,14.52390260696411,0.7342221780143714,1.314577865600586,0.2146617441996199,0.1,6,31,"{'learning_rate': 0.1, 'max_depth': 6, 'n_estimators': 1000, 'num_leaves': 31}",0.9887700620887926,0.98860497515643,0.9887579825571563,0.9888948392006539,0.988782096451422,0.988761991090891,9.250736058731485e-05,73,5,1000.0
,18.211601877212523,0.926003820787149,1.5636739253997802,0.050934661919378586,0.1,6,63,"{'learning_rate': 0.1, 'max_depth': 6, 'n_estimators': 1000, 'num_leaves': 63}",0.9907309727244176,0.9902840300538747,0.9905699123026003,0.9904410254758348,0.9905175294842422,0.9905086940081939,0.00014716419098072714,58,5,1000.0
,18.22156939506531,0.5090115776431957,1.5957705497741699,0.061710552197370115,0.1,6,127,"{'learning_rate': 0.1, 'max_depth': 6, 'n_estimators': 1000, 'num_leaves': 127}",0.9905417267287823,0.9901873938007844,0.9907309727244176,0.990614166126441,0.9905698743320999,0.990528826742505,0.00018252319107636475,56,5,1000.0
,18.885865783691408,0.2726775058839242,1.637296438217163,0.2849375688869304,0.1,6,255,"{'learning_rate': 0.1, 'max_depth': 6, 'n_estimators': 1000, 'num_leaves': 255}",0.9905417267287823,0.9901873938007844,0.9907309727244176,0.990614166126441,0.9905698743320999,0.990528826742505,0.00018252319107636475,56,5,1000.0
,2.0931944370269777,0.0860006951832333,0.12064008712768555,0.005490277343127965,0.1,8,15,"{'learning_rate': 0.1, 'max_depth': 8, 'n_estimators': 100, 'num_leaves': 15}",0.9823799898531934,0.9824766261062837,0.9824444140219203,0.9825570860831155,0.9825651391366321,0.982484651040229,6.98033672246165e-05,206,5,100.0
,2.5393271446228027,0.2712451325823293,0.15254573822021483,0.004895104043515221,0.1,8,31,"{'learning_rate': 0.1, 'max_depth': 8, 'n_estimators': 100, 'num_leaves': 31}",0.9829638338822809,0.9829437013295538,0.9829799399244626,0.9828912878040531,0.9829114204378445,0.982938036675639,3.270274467185699e-05,182,5,100.0
,3.3892735481262206,0.33254124720057715,0.238566255569458,0.022302062379394895,0.1,8,63,"{'learning_rate': 0.1, 'max_depth': 8, 'n_estimators': 100, 'num_leaves': 63}",0.9837892685440943,0.9837047118226403,0.9835879430168227,0.9837489380035676,0.9836120360937859,0.9836885794961822,7.749616657417292e-05,151,5,100.0
,4.160306072235107,0.07075642652970489,0.269486665725708,0.048404289951934854,0.1,8,127,"{'learning_rate': 0.1, 'max_depth': 8, 'n_estimators': 100, 'num_leaves': 127}",0.9849408505600876,0.9847032864379072,0.984711339458998,0.9848562328620954,0.984819994121271,0.9848063406880719,8.990435244098678e-05,126,5,100.0
,4.004268503189087,0.07106699282743999,0.2539830207824707,0.01762704180384198,0.1,8,255,"{'learning_rate': 0.1, 'max_depth': 8, 'n_estimators': 100, 'num_leaves': 255}",0.9849811156655419,0.9849086384757242,0.9847918696699066,0.9853595487068809,0.9852548590111656,0.9850592063058439,0.00021387998290834946,117,5,100.0
,6.0771770000457765,0.5971113720851067,0.3685941219329834,0.03371401509025786,0.1,8,15,"{'learning_rate': 0.1, 'max_depth': 8, 'n_estimators': 500, 'num_leaves': 15}",0.9836724997382769,0.9839986470924568,0.9839382494342752,0.984054954037197,0.9838858399133491,0.9839100380431111,0.00013164960106796042,145,5,500.0
,8.17182240486145,0.404681169683533,0.6293233394622803,0.1274490659076309,0.1,8,31,"{'learning_rate': 0.1, 'max_depth': 8, 'n_estimators': 500, 'num_leaves': 31}",0.9863501292509885,0.9863903943564428,0.986325970187716,0.9864144987175513,0.9862494111204616,0.9863460807266321,5.728971347552443e-05,97,5,500.0
,11.076988744735718,0.691398904340377,0.8492362022399902,0.029234830872836976,0.1,8,63,"{'learning_rate': 0.1, 'max_depth': 8, 'n_estimators': 500, 'num_leaves': 63}",0.9897283715986053,0.9892733759069715,0.9896196558138786,0.9897243037128604,0.9895833752763205,0.9895858164617273,0.0001662954281830992,68,5,500.0
,13.56138048171997,0.7082474243079563,1.1382609367370606,0.09715710438233222,0.1,8,127,"{'learning_rate': 0.1, 'max_depth': 8, 'n_estimators': 500, 'num_leaves': 127}",0.9916449906182304,0.9913228697745959,0.9918020245295023,0.9914637632724388,0.9917496466722769,0.9915966589734089,0.0001791859303899804,47,5,500.0
,16.1286612033844,1.6961597918802316,1.1356291770935059,0.07967378035049201,0.1,8,255,"{'learning_rate': 0.1, 'max_depth': 8, 'n_estimators': 500, 'num_leaves': 255}",0.9920879067782279,0.9917416268713207,0.991930872866956,0.9920637157594231,0.9920033178580488,0.9919654880267954,0.00012440109365539665,40,5,500.0
,10.129437112808228,0.36249850316003207,0.630626106262207,0.01296836387852315,0.1,8,15,"{'learning_rate': 0.1, 'max_depth': 8, 'n_estimators': 1000, 'num_leaves': 15}",0.9860602204917175,0.9858709744960822,0.9859756637702635,0.9863017559683193,0.9860239256219977,0.9860465080696761,0.00014260465451103248,104,5,1000.0
,13.207983446121215,1.4864880889220256,0.9457941055297852,0.05707322851753194,0.1,8,31,"{'learning_rate': 0.1, 'max_depth': 8, 'n_estimators': 1000, 'num_leaves': 31}",0.9901310226531483,0.9898209813411502,0.989913591083695,0.9899658953183573,0.9895189508481879,0.9898700882489078,0.0002024189798814676,65,5,1000.0
,18.3671884059906,0.4292315726119679,1.4891561985015869,0.04841905391087985,0.1,8,63,"{'learning_rate': 0.1, 'max_depth': 8, 'n_estimators': 1000, 'num_leaves': 63}",0.9930341367564042,0.9928167051869509,0.9930502427985859,0.9929535781730038,0.9929938434405866,0.9929697012711063,8.353378935599002e-05,35,5,1000.0
,27.648045015335082,1.3358344604777048,2.520294523239136,0.3004764878714159,0.1,8,127,"{'learning_rate': 0.1, 'max_depth': 8, 'n_estimators': 1000, 'num_leaves': 127}",0.9942018248145792,0.9940890825193072,0.9943830177891236,0.9941373770399391,0.9941293239864225,0.9941881252298742,0.00010393576073854834,17,5,1000.0
,30.098164987564086,1.4144381047070673,2.290610599517822,0.025705805404631948,0.1,8,255,"{'learning_rate': 0.1, 'max_depth': 8, 'n_estimators': 1000, 'num_leaves': 255}",0.9944232828945779,0.9941575331985795,0.9943306731520329,0.9942944115835122,0.9943507829581282,0.994311336757366,8.763998260536402e-05,16,5,1000.0
,2.0423848152160646,0.0715519217825394,0.11430625915527344,0.0054131908526659795,0.1,10,15,"{'learning_rate': 0.1, 'max_depth': 10, 'n_estimators': 100, 'num_leaves': 15}",0.982432334490284,0.9825652093382833,0.9824685730851929,0.9825007147084996,0.982408104593059,0.9824749872430638,5.5019299443181645e-05,207,5,100.0
,2.278699350357056,0.027838311107044857,0.1424178123474121,0.0047380764761390404,0.1,10,31,"{'learning_rate': 0.1, 'max_depth': 10, 'n_estimators': 100, 'num_leaves': 31}",0.982899409713554,0.9831047617513711,0.9830121520088261,0.9829355795983942,0.9829637652857022,0.9829831336715695,7.110791669820813e-05,177,5,100.0
,3.0135903358459473,0.209342848228676,0.20201210975646972,0.009375223358324076,0.1,10,63,"{'learning_rate': 0.1, 'max_depth': 10, 'n_estimators': 100, 'num_leaves': 63}",0.9840268326662748,0.9840187796451839,0.9836845792699132,0.9839623439217565,0.983841548119008,0.9839068167244273,0.00012936171659917896,146,5,100.0
,4.175855207443237,0.5290161540552414,0.26009435653686525,0.0031112718948981487,0.1,10,127,"{'learning_rate': 0.1, 'max_depth': 10, 'n_estimators': 100, 'num_leaves': 127}",0.9858669479855368,0.9855408006313569,0.9855850922473566,0.9856776443207853,0.9854803445096294,0.9856301659389329,0.0001347473123192121,110,5,100.0
,4.554212522506714,0.06963559374593963,0.300903844833374,0.029107773614917593,0.1,10,255,"{'learning_rate': 0.1, 'max_depth': 10, 'n_estimators': 100, 'num_leaves': 255}",0.9877996730473437,0.9877070633047988,0.9876265330938901,0.9880613481616892,0.9874654222014633,0.987732007961837,0.00019791850967129445,85,5,100.0
,5.725753688812256,0.1979348152399421,0.3408970355987549,0.009987915750658712,0.1,10,15,"{'learning_rate': 0.1, 'max_depth': 10, 'n_estimators': 500, 'num_leaves': 15}",0.9839382494342752,0.9838738252655483,0.9838778517760938,0.9840348214034056,0.9839502643414817,0.9839350024441609,5.867902371859708e-05,144,5,500.0
,7.7403404235839846,0.6871321694417333,0.5010804653167724,0.03974035703359906,0.1,10,31,"{'learning_rate': 0.1, 'max_depth': 10, 'n_estimators': 500, 'num_leaves': 31}",0.9865393752466237,0.986813177963713,0.9866561440524413,0.9867889657060716,0.9867607800187637,0.9867116885975227,0.00010144840854462186,95,5,500.0
,9.2631404876709,0.34526467186090937,0.7325971603393555,0.03474059970629539,0.1,10,63,"{'learning_rate': 0.1, 'max_depth': 10, 'n_estimators': 500, 'num_leaves': 63}",0.9902638975011475,0.9903766397964197,0.9902800035433292,0.9906222191799575,0.9900987707013807,0.9903283061444469,0.00017198206219606988,61,5,500.0
,14.272901010513305,1.2947745677605729,1.311191701889038,0.4713004091933937,0.1,10,127,"{'learning_rate': 0.1, 'max_depth': 10, 'n_estimators': 500, 'num_leaves': 127}",0.993042189777495,0.9928569702924052,0.9930744018618585,0.9929777373335534,0.993013976074378,0.992993055067938,7.513043084310912e-05,33,5,500.0
,21.433010053634643,0.6391111151073174,1.4758008956909179,0.04319948965881652,0.1,10,255,"{'learning_rate': 0.1, 'max_depth': 10, 'n_estimators': 500, 'num_leaves': 255}",0.9942904080465786,0.9941051885614889,0.99420987783567,0.9941414035666974,0.994121270932906,0.9941736297886681,6.843283301031663e-05,18,5,500.0
,10.669677877426148,0.7640522027948425,0.6738803863525391,0.02649315447756869,0.1,10,15,"{'learning_rate': 0.1, 'max_depth': 10, 'n_estimators': 1000, 'num_leaves': 15}",0.9861165916393535,0.986028008407354,0.9861206181498989,0.9861286153177131,0.9859514481403486,0.9860690563309337,6.925621726697889e-05,103,5,1000.0
,12.869464254379272,0.5889779074078653,0.8961724758148193,0.05327251878131279,0.1,10,31,"{'learning_rate': 0.1, 'max_depth': 10, 'n_estimators': 1000, 'num_leaves': 31}",0.9901793407796935,0.9902558444800567,0.9902800035433292,0.9903000970392949,0.9902517787181955,0.990253412912114,4.094321265560409e-05,62,5,1000.0
,16.73376097679138,0.7582217053909214,1.2506077766418457,0.03753595807175152,0.1,10,63,"{'learning_rate': 0.1, 'max_depth': 10, 'n_estimators': 1000, 'num_leaves': 63}",0.9935616096378557,0.9935777156800374,0.9934367878109472,0.9935656102402628,0.9933280451615242,0.9934939537061254,9.749014001397683e-05,27,5,1000.0
,26.105170726776123,1.6572486470847996,2.1612963676452637,0.10273051680487102,0.1,10,127,"{'learning_rate': 0.1, 'max_depth': 10, 'n_estimators': 1000, 'num_leaves': 127}",0.9948661990545753,0.994713191653849,0.9950111534342109,0.9947735682677479,0.9949185232310461,0.9948565271282858,0.00010514141731347673,13,5,1000.0
,45.20748839378357,2.182583399460411,3.445229244232178,0.2602249161854956,0.1,10,255,"{'learning_rate': 0.1, 'max_depth': 10, 'n_estimators': 1000, 'num_leaves': 255}",0.9952769031302093,0.9949789413498474,0.9950997366662103,0.9952164862111591,0.9950956904084106,0.9951335515531674,0.00010383550449577953,6,5,1000.0
,2.160722780227661,0.08978992468742854,0.12671217918395997,0.0048638775576699475,0.1,12,15,"{'learning_rate': 0.1, 'max_depth': 12, 'n_estimators': 100, 'num_leaves': 15}",0.9822591945368305,0.982581315380465,0.9824766261062837,0.9825691656633904,0.9824685024944333,0.9824709608362806,0.00011550360842972042,208,5,100.0
,2.502067708969116,0.026643643443075148,0.15281667709350585,0.005189675689559569,0.1,12,31,"{'learning_rate': 0.1, 'max_depth': 12, 'n_estimators': 100, 'num_leaves': 31}",0.9828953832030086,0.9831047617513711,0.9830967087302802,0.9829396061251525,0.9829073939110863,0.9829887707441797,9.259060877549569e-05,176,5,100.0
,3.2726531505584715,0.24673980384886082,0.20451707839965821,0.018823523522123332,0.1,12,63,"{'learning_rate': 0.1, 'max_depth': 12, 'n_estimators': 100, 'num_leaves': 63}",0.9839503289659116,0.9839744880291842,0.9837127648437312,0.9839301317076903,0.9838496011725246,0.9838834629438082,9.509896479593795e-05,147,5,100.0
,4.091757106781006,0.03275340845594497,0.2778717041015625,0.017005820764348735,0.1,12,127,"{'learning_rate': 0.1, 'max_depth': 12, 'n_estimators': 100, 'num_leaves': 127}",0.9862373869557164,0.9861004855971718,0.9860078758546269,0.986225251959912,0.9859111828727658,0.9860964366480385,0.00012541032108970095,102,5,100.0
,5.580029535293579,0.11847652484172005,0.38861703872680664,0.03270000141097393,0.1,12,255,"{'learning_rate': 0.1, 'max_depth': 12, 'n_estimators': 100, 'num_leaves': 255}",0.9888264332364286,0.9888224067258832,0.9890962094429725,0.9890559002709852,0.9890116084766442,0.9889625116305828,0.0001158911188690935,72,5,100.0
,5.923246002197265,0.27485717091096923,0.34508662223815917,0.011694256756342189,0.1,12,15,"{'learning_rate': 0.1, 'max_depth': 12, 'n_estimators': 500, 'num_leaves': 15}",0.9838697987550029,0.9841073628771834,0.9839382494342752,0.984139511099121,0.9838657072795577,0.983984125889028,0.00011707282221695402,143,5,500.0
,7.721039962768555,0.4675341046273459,0.49240617752075194,0.02348789350932665,0.1,12,31,"{'learning_rate': 0.1, 'max_depth': 12, 'n_estimators': 500, 'num_leaves': 31}",0.9867044621789864,0.9868695491113492,0.9867447272844407,0.9869460002496446,0.9867970187595881,0.9868123515168017,8.669692967219902e-05,93,5,500.0
,10.053051567077636,0.14711128453369596,0.6772794246673584,0.031103484158123626,0.1,12,63,"{'learning_rate': 0.1, 'max_depth': 12, 'n_estimators': 500, 'num_leaves': 63}",0.9909363247622346,0.9906021243869638,0.9907390257455084,0.9906383252869907,0.9906826170813318,0.9907196834526057,0.00011757617295923689,54,5,500.0
,15.303621530532837,0.57567460019926,1.0511953353881835,0.04161081128574162,0.1,12,127,"{'learning_rate': 0.1, 'max_depth': 12, 'n_estimators': 500, 'num_leaves': 127}",0.9934367878109472,0.9932958599418572,0.9935817421905828,0.9934528674910309,0.9934448144375143,0.9934424143743865,9.059484337063884e-05,28,5,500.0
,20.638134717941284,0.9372974856399774,1.5680131912231445,0.04815586865678692,0.1,12,255,"{'learning_rate': 0.1, 'max_depth': 12, 'n_estimators': 500, 'num_leaves': 255}",0.9946890325905764,0.9947816423331213,0.9948138544174847,0.994761488687473,0.994733303000165,0.994755864205764,4.250760893444512e-05,14,5,500.0
,10.211197566986083,0.3818621299888383,0.6239696979522705,0.007061881654157171,0.1,12,15,"{'learning_rate': 0.1, 'max_depth': 12, 'n_estimators': 1000, 'num_leaves': 15}",0.9861004855971718,0.9861367241920806,0.9861286711709898,0.986325915128869,0.9860037929882063,0.9861391178154635,0.0001047027748166348,100,5,1000.0
,12.39853639602661,0.2556756542049686,0.8834731101989746,0.04965782631590543,0.1,12,31,"{'learning_rate': 0.1, 'max_depth': 12, 'n_estimators': 1000, 'num_leaves': 31}",0.9904611965178737,0.9904128783913285,0.9905417267287823,0.9905054499039674,0.9903645214674274,0.9904571546018758,6.331271334685052e-05,60,5,1000.0
,16.441541147232055,0.42964624855737876,1.187820816040039,0.021370026637459624,0.1,12,63,"{'learning_rate': 0.1, 'max_depth': 12, 'n_estimators': 1000, 'num_leaves': 63}",0.9936059012538554,0.9934126287476747,0.9937629351651271,0.9938072018457599,0.9937186182570776,0.9936614570538991,0.00014128604139035795,24,5,1000.0
,25.790429973602294,0.8334956951532487,2.0072489738464356,0.07045915910203163,0.1,12,127,"{'learning_rate': 0.1, 'max_depth': 12, 'n_estimators': 1000, 'num_leaves': 127}",0.994946729265484,0.9949265967127567,0.995031285986938,0.9949668415521455,0.9949668415521455,0.9949676590138938,3.513942267413563e-05,10,5,1000.0
,42.41795959472656,0.6330600009894951,3.62790961265564,0.05765801620628247,0.1,12,255,"{'learning_rate': 0.1, 'max_depth': 12, 'n_estimators': 1000, 'num_leaves': 255}",0.9955345998051169,0.9955547323578441,0.9955023877207534,0.9954782104504476,0.9956473245742955,0.9955434509816914,5.8202842423664975e-05,4,5,1000.0
,1.8957456588745116,0.053232671607318774,0.10252485275268555,0.003619174224060503,0.15,-1,15,"{'learning_rate': 0.15, 'max_depth': -1, 'n_estimators': 100, 'num_leaves': 15}",0.9826779516335553,0.98248870563792,0.9826256069964647,0.9826859349393806,0.9826215105112481,0.9826199419437138,7.067916351764436e-05,189,5,100.0
,2.236345720291138,0.028041521589633835,0.13116078376770018,0.005170397221270221,0.15,-1,31,"{'learning_rate': 0.15, 'max_depth': -1, 'n_estimators': 100, 'num_leaves': 31}",0.9828510915870089,0.9828349855448272,0.9832295835782794,0.9830926141419672,0.9829758448659771,0.982996823943612,0.00014914591406550376,175,5,100.0
,2.9778961658477785,0.16686174726128114,0.17353248596191406,0.0036588101066185753,0.15,-1,63,"{'learning_rate': 0.15, 'max_depth': -1, 'n_estimators': 100, 'num_leaves': 63}",0.9844657223157267,0.9842885558517278,0.9842281581935463,0.9842200416342867,0.9842401742680781,0.9842885304526732,9.172873648116739e-05,135,5,100.0
,3.866091823577881,0.08247616931220114,0.24946751594543456,0.004759810206788601,0.15,-1,127,"{'learning_rate': 0.15, 'max_depth': -1, 'n_estimators': 100, 'num_leaves': 127}",0.9880493167011605,0.9876426391360719,0.9876990102837079,0.9878721014040499,0.9875258201028375,0.9877577775255656,0.0001836190205330939,84,5,100.0
,5.296866416931152,0.18127351667440889,0.33631396293640137,0.006189559003808002,0.15,-1,255,"{'learning_rate': 0.15, 'max_depth': -1, 'n_estimators': 100, 'num_leaves': 255}",0.9919228198458652,0.9916449906182304,0.991697335255321,0.9913067287288657,0.991552346861121,0.9916248442618807,0.00020045130776192508,46,5,100.0
,5.55371127128601,0.16613871523518178,0.3192093849182129,0.00719791208488032,0.15,-1,15,"{'learning_rate': 0.15, 'max_depth': -1, 'n_estimators': 500, 'num_leaves': 15}",0.9848401877964519,0.9848160287331793,0.9849529300917239,0.984948842977536,0.9848803920226452,0.9848876763243073,5.557159755178868e-05,123,5,500.0
,6.668630647659302,0.04943178225112458,0.44824700355529784,0.007939770242056656,0.15,-1,31,"{'learning_rate': 0.15, 'max_depth': -1, 'n_estimators': 500, 'num_leaves': 31}",0.9881982975913414,0.9880372371695242,0.988371437544795,0.9883230724009776,0.9878680748772916,0.9881596239167859,0.0001860405501141741,78,5,500.0
,8.717413759231567,0.3620129315316698,0.5985156536102295,0.010526839338905244,0.15,-1,63,"{'learning_rate': 0.15, 'max_depth': -1, 'n_estimators': 500, 'num_leaves': 63}",0.9908517680407805,0.9900464659316943,0.991202074458233,0.9896679323382443,0.9915644264413959,0.9906665334420696,0.0007083806542779206,55,5,500.0
,12.318365859985352,0.5896784938672173,0.8285183429718017,0.012109583452044406,0.15,-1,127,"{'learning_rate': 0.15, 'max_depth': -1, 'n_estimators': 500, 'num_leaves': 127}",0.9919107403142289,0.9918020245295023,0.9938474918865813,0.993823307952793,0.9935213184459217,0.9929809766258055,0.0009260317329490561,34,5,500.0
,19.989238214492797,0.7144122639469308,1.2335006237030028,0.016945397048799493,0.15,-1,255,"{'learning_rate': 0.15, 'max_depth': -1, 'n_estimators': 500, 'num_leaves': 255}",0.9952245584931186,0.994882305096757,0.9950473920291197,0.9949628150253873,0.9948500722761553,0.9949934285841076,0.00013429053480064923,8,5,500.0
,9.72832431793213,0.07813060030024276,0.5822128772735595,0.005117512684529805,0.15,-1,15,"{'learning_rate': 0.15, 'max_depth': -1, 'n_estimators': 1000, 'num_leaves': 15}",0.988045290190615,0.9874413136088004,0.9877996730473437,0.988029135947623,0.9876345363253112,0.9877899898239386,0.0002316047511397483,83,5,1000.0
,12.000591945648193,0.36258196301796913,0.8054787158966065,0.010399412885128738,0.15,-1,31,"{'learning_rate': 0.15, 'max_depth': -1, 'n_estimators': 1000, 'num_leaves': 31}",0.9911537563316878,0.9907430522560539,0.9907551317876901,0.991097349337435,0.9907269088756729,0.9908952397177078,0.00018910614268638175,52,5,1000.0
,15.311452484130859,1.044142468496087,1.212298536300659,0.35270143607005344,0.15,-1,63,"{'learning_rate': 0.15, 'max_depth': -1, 'n_estimators': 1000, 'num_leaves': 63}",0.9906947341295087,0.9883794905658858,0.9898733259782407,0.9884519212572427,0.9909604474276534,0.9896719838717063,0.001086810636450078,67,5,1000.0
,25.274918413162233,1.0266890924779273,1.892379379272461,0.33574138973129747,0.15,-1,127,"{'learning_rate': 0.15, 'max_depth': -1, 'n_estimators': 1000, 'num_leaves': 127}",0.986466898056806,0.9852025737455407,0.9948702255651207,0.9947816213212645,0.9944594991806018,0.9911561635738668,0.004365424822791259,50,5,1000.0
,41.54741702079773,1.6099513276785664,2.8947727203369142,0.12132882432334731,0.15,-1,255,"{'learning_rate': 0.15, 'max_depth': -1, 'n_estimators': 1000, 'num_leaves': 255}",0.9957721639272973,0.9956070769949347,0.9956634481425707,0.9956271919405041,0.9956231654137457,0.9956586092838104,5.9694163523571015e-05,2,5,1000.0
,2.034771728515625,0.04011021142780398,0.14068994522094727,0.021166824458002977,0.15,4,15,"{'learning_rate': 0.15, 'max_depth': 4, 'n_estimators': 100, 'num_leaves': 15}",0.9824685730851929,0.982460520064102,0.982460520064102,0.9826295635647647,0.9824282372268505,0.9824894828010023,7.139823135371523e-05,201,5,100.0
,2.181296157836914,0.04597667817957982,0.1432352066040039,0.02587122061813526,0.15,4,31,"{'learning_rate': 0.15, 'max_depth': 4, 'n_estimators': 100, 'num_leaves': 31}",0.9825128647011927,0.9824685730851929,0.9822954331317394,0.9826013778774567,0.9825530595563573,0.9824862616703879,0.00010502365177122686,202,5,100.0
,2.3098628520965576,0.1126910273790132,0.15078186988830566,0.01054204888969091,0.15,4,63,"{'learning_rate': 0.15, 'max_depth': 4, 'n_estimators': 100, 'num_leaves': 63}",0.9825128647011927,0.9824685730851929,0.9822954331317394,0.9826013778774567,0.9825530595563573,0.9824862616703879,0.00010502365177122686,202,5,100.0
,2.2284971714019775,0.01794600498608041,0.14384703636169432,0.016414475959165824,0.15,4,127,"{'learning_rate': 0.15, 'max_depth': 4, 'n_estimators': 100, 'num_leaves': 127}",0.9825128647011927,0.9824685730851929,0.9822954331317394,0.9826013778774567,0.9825530595563573,0.9824862616703879,0.00010502365177122686,202,5,100.0
,2.2379383563995363,0.05608383335627296,0.1422339916229248,0.02588889104802439,0.15,4,255,"{'learning_rate': 0.15, 'max_depth': 4, 'n_estimators': 100, 'num_leaves': 255}",0.9825128647011927,0.9824685730851929,0.9822954331317394,0.9826013778774567,0.9825530595563573,0.9824862616703879,0.00010502365177122686,202,5,100.0
,7.033873462677002,0.17081917361254695,0.44025816917419436,0.010655717057064798,0.15,4,15,"{'learning_rate': 0.15, 'max_depth': 4, 'n_estimators': 500, 'num_leaves': 15}",0.9838577192233666,0.9839704615186388,0.9841274954299105,0.9841354845723628,0.9839180521274155,0.9840018425743388,0.00011173716811972484,138,5,500.0
,7.906798410415649,0.2569878042582336,0.4857351779937744,0.03271758964250176,0.15,4,31,"{'learning_rate': 0.15, 'max_depth': 4, 'n_estimators': 500, 'num_leaves': 31}",0.9839301964131844,0.9839986470924568,0.9839422759448208,0.9841153519385714,0.9839784500287897,0.9839929842835644,6.592542338629494e-05,139,5,500.0
,7.8495267868042,0.23148665545605668,0.4680412769317627,0.017333890705076974,0.15,4,63,"{'learning_rate': 0.15, 'max_depth': 4, 'n_estimators': 500, 'num_leaves': 63}",0.9839301964131844,0.9839986470924568,0.9839422759448208,0.9841153519385714,0.9839784500287897,0.9839929842835644,6.592542338629494e-05,139,5,500.0
,7.787037992477417,0.06135186124344599,0.47083568572998047,0.02158222117660041,0.15,4,127,"{'learning_rate': 0.15, 'max_depth': 4, 'n_estimators': 500, 'num_leaves': 127}",0.9839301964131844,0.9839986470924568,0.9839422759448208,0.9841153519385714,0.9839784500287897,0.9839929842835644,6.592542338629494e-05,139,5,500.0
,8.333252763748169,0.2895864979841959,0.5108572483062744,0.05317119606529296,0.15,4,255,"{'learning_rate': 0.15, 'max_depth': 4, 'n_estimators': 500, 'num_leaves': 255}",0.9839301964131844,0.9839986470924568,0.9839422759448208,0.9841153519385714,0.9839784500287897,0.9839929842835644,6.592542338629494e-05,139,5,500.0
,13.249606704711914,0.5087939846065519,0.8359858512878418,0.05397312236831656,0.15,4,15,"{'learning_rate': 0.15, 'max_depth': 4, 'n_estimators': 1000, 'num_leaves': 15}",0.9858186298589916,0.9857300466269922,0.9861810158080804,0.986140694897988,0.9860722439430971,0.9859885262270298,0.00018049525130923284,105,5,1000.0
,16.357621097564696,0.4513993893739934,0.8084952354431152,0.007956339785142095,0.15,4,31,"{'learning_rate': 0.15, 'max_depth': 4, 'n_estimators': 1000, 'num_leaves': 31}",0.9860884060655355,0.9858307093906279,0.9859273456437182,0.9862051193261204,0.9857299891686431,0.9859563139189291,0.000171575649165739,106,5,1000.0
,16.670400381088257,0.4396439573635916,0.8543748378753662,0.030838441405375932,0.15,4,63,"{'learning_rate': 0.15, 'max_depth': 4, 'n_estimators': 1000, 'num_leaves': 63}",0.9860884060655355,0.9858307093906279,0.9859273456437182,0.9862051193261204,0.9857299891686431,0.9859563139189291,0.000171575649165739,106,5,1000.0
,1395.358269071579,2311.5749425318145,1.198448085784912,0.3029842729246024,0.15,4,127,"{'learning_rate': 0.15, 'max_depth': 4, 'n_estimators': 1000, 'num_leaves': 127}",0.9860884060655355,0.9858307093906279,0.9859273456437182,0.9862051193261204,0.9857299891686431,0.9859563139189291,0.000171575649165739,106,5,1000.0
,3130.025535774231,2280.984032604928,1.4265801906585693,0.06584269829205423,0.15,4,255,"{'learning_rate': 0.15, 'max_depth': 4, 'n_estimators': 1000, 'num_leaves': 255}",0.9860884060655355,0.9858307093906279,0.9859273456437182,0.9862051193261204,0.9857299891686431,0.9859563139189291,0.000171575649165739,106,5,1000.0
,2.581699323654175,0.2384307006027849,0.16585159301757812,0.0031028480149930147,0.15,6,15,"{'learning_rate': 0.15, 'max_depth': 6, 'n_estimators': 100, 'num_leaves': 15}",0.9825491032961016,0.9825611828277379,0.982581315380465,0.9825731921901487,0.9825047412352579,0.9825539069859422,2.689395300760891e-05,195,5,100.0
,2.96942253112793,0.13736819944099596,0.2491982936859131,0.04521539598772465,0.15,6,31,"{'learning_rate': 0.15, 'max_depth': 6, 'n_estimators': 100, 'num_leaves': 31}",0.9831611328990071,0.9832456896204611,0.9830967087302802,0.9832456221587821,0.9830523488743844,0.983160300456583,7.780648673174556e-05,172,5,100.0
,191.18014221191407,371.43741884894905,0.36461892127990725,0.07608186975095789,0.15,6,63,"{'learning_rate': 0.15, 'max_depth': 6, 'n_estimators': 100, 'num_leaves': 63}",0.9834631211899144,0.9834993597848233,0.9835194923375504,0.9836200891473025,0.9835959299867527,0.9835395984892686,5.920164124142442e-05,152,5,100.0
,1061.7415485858917,380.6355476278842,0.3625009536743164,0.028970312104552462,0.15,6,127,"{'learning_rate': 0.15, 'max_depth': 6, 'n_estimators': 100, 'num_leaves': 127}",0.9834631211899144,0.9834993597848233,0.9835194923375504,0.9836200891473025,0.9835959299867527,0.9835395984892686,5.920164124142442e-05,152,5,100.0
,124.8801420211792,194.31582270617952,0.23940033912658693,0.07595320604870391,0.15,6,255,"{'learning_rate': 0.15, 'max_depth': 6, 'n_estimators': 100, 'num_leaves': 255}",0.9834631211899144,0.9834993597848233,0.9835194923375504,0.9836200891473025,0.9835959299867527,0.9835395984892686,5.920164124142442e-05,152,5,100.0
,734.8813920021057,720.1938415206176,0.49719948768615724,0.09165296319421766,0.15,6,15,"{'learning_rate': 0.15, 'max_depth': 6, 'n_estimators': 500, 'num_leaves': 15}",0.9847797901382703,0.9847757636277249,0.9848723998808153,0.985117957101384,0.9850293735127017,0.9849150568521792,0.00013693510395576764,121,5,500.0
,7.202318954467773,0.17376101860908602,0.5315063953399658,0.03696167649481259,0.15,6,31,"{'learning_rate': 0.15, 'max_depth': 6, 'n_estimators': 500, 'num_leaves': 31}",0.9877110898153443,0.9874735256931638,0.9878922827898886,0.9878358626632253,0.9872681223903074,0.9876361766703858,0.00023366476539948345,87,5,500.0
,12.591680574417115,1.2525046893979723,0.7360658645629883,0.04613824593158977,0.15,6,63,"{'learning_rate': 0.15, 'max_depth': 6, 'n_estimators': 500, 'num_leaves': 63}",0.9889673611055187,0.9888425392786103,0.988923069489519,0.9893659428313731,0.9891766960737337,0.989055121755751,0.00019064159996040557,71,5,500.0
,11.873780584335327,0.5669464714915117,0.7505062103271485,0.043921103955165845,0.15,6,127,"{'learning_rate': 0.15, 'max_depth': 6, 'n_estimators': 500, 'num_leaves': 127}",0.9891888191855175,0.9889029369367919,0.9889673611055187,0.9893981550454394,0.9889270514147201,0.9890768647375975,0.000189972217634721,69,5,500.0
,11.426757431030273,0.28767870072873797,0.7090038299560547,0.022350110512067103,0.15,6,255,"{'learning_rate': 0.15, 'max_depth': 6, 'n_estimators': 500, 'num_leaves': 255}",0.9891888191855175,0.9889029369367919,0.9889673611055187,0.9893981550454394,0.9889270514147201,0.9890768647375975,0.000189972217634721,69,5,500.0
,9.976162481307984,0.5286206796980273,0.6458751201629639,0.04085411220616033,0.15,6,15,"{'learning_rate': 0.15, 'max_depth': 6, 'n_estimators': 1000, 'num_leaves': 15}",0.9876225065833447,0.9876104270517084,0.9879043623215249,0.9877593586548179,0.9876868811731688,0.987716707156913,0.00010778906179037465,86,5,1000.0
,13.853435230255126,0.3887668135540557,1.0396749019622802,0.057735190244210075,0.15,6,31,"{'learning_rate': 0.15, 'max_depth': 6, 'n_estimators': 1000, 'num_leaves': 31}",0.9912503925847782,0.9910168549731432,0.9914476916015043,0.9912342512472166,0.9910651371233687,0.9912028655060023,0.00015280885492972355,49,5,1000.0
,23.12463707923889,1.4874003569966814,1.5158323764801025,0.02863611788285038,0.15,6,63,"{'learning_rate': 0.15, 'max_depth': 6, 'n_estimators': 1000, 'num_leaves': 63}",0.9927120159127697,0.9922771527738631,0.9925670615331341,0.992631456032341,0.9928086232097055,0.9925992618923626,0.00018020723643708873,36,5,1000.0
,22.443847131729125,0.7535606758162425,1.4940202236175537,0.02258002639927642,0.15,6,127,"{'learning_rate': 0.15, 'max_depth': 6, 'n_estimators': 1000, 'num_leaves': 127}",0.9926516182545883,0.9923254709004082,0.9924704252800438,0.9929656577532786,0.992502607176076,0.9925831558728788,0.00021752820983653496,37,5,1000.0
,22.3221097946167,0.29597791263621204,1.4454854011535645,0.021961552459262887,0.15,6,255,"{'learning_rate': 0.15, 'max_depth': 6, 'n_estimators': 1000, 'num_leaves': 255}",0.9926516182545883,0.9923254709004082,0.9924704252800438,0.9929656577532786,0.992502607176076,0.9925831558728788,0.00021752820983653496,37,5,1000.0
,1.8539860248565674,0.03743395481253534,0.10840559005737305,0.006430042834919407,0.15,8,15,"{'learning_rate': 0.15, 'max_depth': 8, 'n_estimators': 100, 'num_leaves': 15}",0.9823155656844665,0.9826054744437376,0.982524944232829,0.9825852717704235,0.9824846086014665,0.9825031729465847,0.00010317065649622785,200,5,100.0
,2.167313289642334,0.04518883410099346,0.14141416549682617,0.003935211482506116,0.15,8,31,"{'learning_rate': 0.15, 'max_depth': 8, 'n_estimators': 100, 'num_leaves': 31}",0.9831933449833705,0.9833664849368241,0.9831933449833705,0.983301993533398,0.98341473628263,0.9832939809439185,8.96192786353217e-05,156,5,100.0
,2.71144757270813,0.0606709230416809,0.18487043380737306,0.004706653592491872,0.15,8,63,"{'learning_rate': 0.15, 'max_depth': 8, 'n_estimators': 100, 'num_leaves': 63}",0.984626782737544,0.9845381995055446,0.9844133776786361,0.9846991983185224,0.9847797288536881,0.9846114574187871,0.00012716203206613303,129,5,100.0
,3.707002305984497,0.07066515273057337,0.24727988243103027,0.024577175716498065,0.15,8,127,"{'learning_rate': 0.15, 'max_depth': 8, 'n_estimators': 100, 'num_leaves': 127}",0.9863179171666251,0.9859676107491726,0.9863098641455342,0.9862856498612862,0.9857380422221595,0.9861238168289554,0.0002331097861749497,101,5,100.0
,4.5549561977386475,0.07404826546305039,0.26819782257080077,0.019476945546435944,0.15,8,255,"{'learning_rate': 0.15, 'max_depth': 8, 'n_estimators': 100, 'num_leaves': 255}",0.9866319849891687,0.9863662352931702,0.9866601705629867,0.9867688330722801,0.9866158250554654,0.9866086097946143,0.0001324189338433126,96,5,100.0
,5.390185976028443,0.11167877184723125,0.33980741500854494,0.01262322324799957,0.15,8,15,"{'learning_rate': 0.15, 'max_depth': 8, 'n_estimators': 500, 'num_leaves': 15}",0.9847274455011797,0.9849730626444511,0.9852831039564492,0.9852951242787484,0.984836100228304,0.9850229673218266,0.00023086074236115207,118,5,500.0
,6.607836961746216,0.11966617376628631,0.4742842674255371,0.020414443117762835,0.15,8,31,"{'learning_rate': 0.15, 'max_depth': 8, 'n_estimators': 500, 'num_leaves': 31}",0.9884197556713401,0.9881580324858871,0.9883311724393407,0.9885968762205409,0.9883351519812525,0.9883681977596723,0.00014253729115080017,76,5,500.0
,9.107275295257569,0.1340595764831186,0.7164322376251221,0.014378603779496768,0.15,8,63,"{'learning_rate': 0.15, 'max_depth': 8, 'n_estimators': 500, 'num_leaves': 63}",0.9919348993775015,0.9914678241542315,0.9919228198458652,0.9917375670920021,0.9915161081202966,0.9917158437179794,0.00019631832183755684,45,5,500.0
,15.161706161499023,0.1801726171793603,1.0747431755065917,0.04217455632756442,0.15,8,127,"{'learning_rate': 0.15, 'max_depth': 8, 'n_estimators': 500, 'num_leaves': 127}",0.9930341367564042,0.9930502427985859,0.9930663488407676,0.9934649470713057,0.993340124741799,0.9931911600417724,0.00017733676261061794,32,5,500.0
,19.231969165802003,0.14406188902156422,1.0758978366851806,0.024811420501328996,0.15,8,255,"{'learning_rate': 0.15, 'max_depth': 8, 'n_estimators': 500, 'num_leaves': 255}",0.9936783784436731,0.9934045757265838,0.993424708279311,0.9937548569979022,0.9936864060430114,0.9935897850980963,0.00014559257355968529,26,5,500.0
,10.543491697311401,1.8104185142920148,0.705574893951416,0.1901735150950362,0.15,8,15,"{'learning_rate': 0.15, 'max_depth': 8, 'n_estimators': 1000, 'num_leaves': 15}",0.9879083888320703,0.9877795404946166,0.9882909073338864,0.9882385153390537,0.9876063506380032,0.987964740527526,0.0002635356946149476,79,5,1000.0
,11.781307220458984,0.060033063040777504,0.8429470539093018,0.018053917217109593,0.15,8,31,"{'learning_rate': 0.15, 'max_depth': 8, 'n_estimators': 1000, 'num_leaves': 31}",0.9918382631244111,0.9918302101033203,0.9916490171287758,0.9918100445736512,0.991934866903158,0.9918124803666633,9.23945038434993e-05,41,5,1000.0
,16.942961311340333,0.5133920830326968,1.3994647026062013,0.06492222410734996,0.15,8,63,"{'learning_rate': 0.15, 'max_depth': 8, 'n_estimators': 1000, 'num_leaves': 63}",0.9941333741353069,0.9940447909033073,0.9941414271563978,0.9941373770399391,0.992502607176076,0.9937919152822055,0.0006456559450509285,23,5,1000.0
,28.986540699005126,5.684687473935061,2.0836254596710204,0.2150669513589107,0.15,8,127,"{'learning_rate': 0.15, 'max_depth': 8, 'n_estimators': 1000, 'num_leaves': 127}",0.9913309227956868,0.9945803168058497,0.9915805664495035,0.9947735682677479,0.9948057804818142,0.9934142309601205,0.0016029012840681042,29,5,1000.0
,40.33784441947937,0.7281482513606452,2.4314834594726564,0.14159245022255795,0.15,8,255,"{'learning_rate': 0.15, 'max_depth': 8, 'n_estimators': 1000, 'num_leaves': 255}",0.994946729265484,0.9948138544174847,0.9947252711854853,0.9949426823915958,0.9950071068197284,0.9948871288159555,0.00010256721186854873,12,5,1000.0
,1.9104594707489013,0.07087495178900098,0.10702857971191407,0.006583024356154665,0.15,10,15,"{'learning_rate': 0.15, 'max_depth': 10, 'n_estimators': 100, 'num_leaves': 15}",0.9824766261062837,0.982581315380465,0.9826497660597373,0.982661775778831,0.982633590091523,0.9826006146833681,6.780788343568554e-05,190,5,100.0
,2.2549249649047853,0.029878206480592806,0.13912224769592285,0.0036725195025521084,0.15,10,31,"{'learning_rate': 0.15, 'max_depth': 10, 'n_estimators': 100, 'num_leaves': 31}",0.9831933449833705,0.9832940077470063,0.9831530798779162,0.9834630546037294,0.9829959774997685,0.9832198929423581,0.00015487253014365892,167,5,100.0
,2.853123903274536,0.061817381859784,0.19409666061401368,0.004469047483248228,0.15,10,63,"{'learning_rate': 0.15, 'max_depth': 10, 'n_estimators': 100, 'num_leaves': 63}",0.9847153659695435,0.9847717371171795,0.9842966088728187,0.9849448164507777,0.9848119410677544,0.9847080938956146,0.0002192008530914621,128,5,100.0
,3.7007133960723877,0.0953543285655938,0.2622652053833008,0.008471439164528662,0.15,10,127,"{'learning_rate': 0.15, 'max_depth': 10, 'n_estimators': 100, 'num_leaves': 127}",0.9874896317353455,0.9874493666298912,0.9873285713135282,0.9874855548352547,0.9874130773536055,0.9874332403735251,5.9226690320006275e-05,88,5,100.0
,5.327570867538452,0.11039818246611137,0.3158547401428223,0.03197578537425827,0.15,10,255,"{'learning_rate': 0.15, 'max_depth': 10, 'n_estimators': 100, 'num_leaves': 255}",0.989885405509877,0.989454568881516,0.9896196558138786,0.9899497892113241,0.9894867386341216,0.9896792316101435,0.00020336433091409827,66,5,100.0
,5.753249406814575,0.2344484501341655,0.34406628608703616,0.0181758495199311,0.15,10,15,"{'learning_rate': 0.15, 'max_depth': 10, 'n_estimators': 500, 'num_leaves': 15}",0.9846388622691803,0.9848482408175427,0.9848925324335425,0.9852951242787484,0.9852025141633078,0.9849754547924643,0.00024087282042780452,120,5,500.0
,6.903075790405273,0.08652693577148232,0.48395233154296874,0.015862277147717013,0.15,10,31,"{'learning_rate': 0.15, 'max_depth': 10, 'n_estimators': 500, 'num_leaves': 31}",0.9887418765149746,0.9886291342197026,0.9884237821818855,0.9886492210683986,0.9884438682037261,0.9885775764377375,0.00012354451694781058,75,5,500.0
,10.808993577957153,2.1103271117235427,0.6820742130279541,0.025818118641450158,0.15,10,63,"{'learning_rate': 0.15, 'max_depth': 10, 'n_estimators': 500, 'num_leaves': 63}",0.9919187933353197,0.9921523309469548,0.9918503426560474,0.9922126972494796,0.9918583628947506,0.9919985054165104,0.00015328834333251562,39,5,500.0
,14.332523632049561,1.211940550685337,1.0126993656158447,0.04528269322131839,0.15,10,127,"{'learning_rate': 0.15, 'max_depth': 10, 'n_estimators': 500, 'num_leaves': 127}",0.9940649234560345,0.9939642606923987,0.9941212946036706,0.9940326873442238,0.9940608730315317,0.9940488078255718,5.112279997395289e-05,20,5,500.0
,22.71640419960022,1.0299133991261105,1.4166811943054198,0.03428293479893674,0.15,10,255,"{'learning_rate': 0.15, 'max_depth': 10, 'n_estimators': 500, 'num_leaves': 255}",0.9948178809280301,0.9947252711854853,0.99453602518985,0.9948420192226387,0.994761488687473,0.9947365370426955,0.00010834927338403758,15,5,500.0
,9.912565755844117,0.06613614569923668,0.6050166130065918,0.013407910288839728,0.15,10,15,"{'learning_rate': 0.15, 'max_depth': 10, 'n_estimators': 1000, 'num_leaves': 15}",0.9878318851317072,0.9876708247098899,0.9877594079418894,0.9883512580882856,0.9877513056013014,0.9878729362946146,0.00024454395980476866,81,5,1000.0
,12.392959690093994,0.12939241257585632,0.8457837581634522,0.016194680855540138,0.15,10,31,"{'learning_rate': 0.15, 'max_depth': 10, 'n_estimators': 1000, 'num_leaves': 31}",0.9918624221876837,0.9918422896349566,0.9917939715084114,0.991806018046893,0.9916731426638695,0.9917955688083628,6.595772702681063e-05,44,5,1000.0
,20.15168704986572,4.738723260741105,1.3252298831939697,0.07107836334998568,0.15,10,63,"{'learning_rate': 0.15, 'max_depth': 10, 'n_estimators': 1000, 'num_leaves': 63}",0.9936340868276734,0.9941655862196703,0.9940568704349436,0.9943145442173036,0.9941051648258729,0.9940552505050928,0.0002277191717324084,19,5,1000.0
,26.127217626571657,0.6661653402383954,2.249731159210205,0.07699619273879503,0.15,10,127,"{'learning_rate': 0.15, 'max_depth': 10, 'n_estimators': 1000, 'num_leaves': 127}",0.9952165054720278,0.9900102273367853,0.9912745516480508,0.9952164862111591,0.9951077699886854,0.9933651081313417,0.0022591057882304397,30,5,1000.0
,45.875579309463504,1.6795851710557552,3.326862335205078,0.22437093022925755,0.15,10,255,"{'learning_rate': 0.15, 'max_depth': 10, 'n_estimators': 1000, 'num_leaves': 255}",0.9954822551680262,0.995293009172391,0.995087657134574,0.9953131228533579,0.9953131228533579,0.9952978334363415,0.00012544023199142837,5,5,1000.0
,1.8897430896759033,0.019275715335469176,0.1054997444152832,0.004589378598671578,0.15,12,15,"{'learning_rate': 0.15, 'max_depth': 12, 'n_estimators': 100, 'num_leaves': 15}",0.9826779516335553,0.9826497660597373,0.9826256069964647,0.9826859349393806,0.9826215105112481,0.9826521540280773,2.6291210777644686e-05,186,5,100.0
,2.2690630912780763,0.0869799288621168,0.13917918205261232,0.011424155310562251,0.15,12,31,"{'learning_rate': 0.15, 'max_depth': 12, 'n_estimators': 100, 'num_leaves': 31}",0.9829437013295538,0.9830363110720987,0.9830967087302802,0.9832939404798815,0.9830000040265268,0.983074133127668,0.00012063417045200942,174,5,100.0
,3.3579148769378664,0.33699560269719875,0.18843603134155273,0.005469698267349166,0.15,12,63,"{'learning_rate': 0.15, 'max_depth': 12, 'n_estimators': 100, 'num_leaves': 63}",0.9848522673280882,0.9846227562269986,0.9844415632524541,0.9849568960310525,0.9849287103437446,0.9847604386364676,0.00019798047397089427,127,5,100.0
,3.8186341762542724,0.04913965243320354,0.25539302825927734,0.007643443944857887,0.15,12,127,"{'learning_rate': 0.15, 'max_depth': 12, 'n_estimators': 100, 'num_leaves': 127}",0.9881217938909782,0.988017104616797,0.9880090515957062,0.9879969237335566,0.9876586954858608,0.9879607138645797,0.00015747347953604088,80,5,100.0
,5.262609434127808,0.04232534097113596,0.35039339065551756,0.028652073253071047,0.15,12,255,"{'learning_rate': 0.15, 'max_depth': 12, 'n_estimators': 100, 'num_leaves': 255}",0.9909484042938709,0.9908719005935076,0.9910933586735063,0.9909523943741368,0.9909282352135871,0.9909588586297218,7.313116325395701e-05,51,5,100.0
,5.675076341629028,0.3613003382145604,0.3359039783477783,0.011450544877007382,0.15,12,15,"{'learning_rate': 0.15, 'max_depth': 12, 'n_estimators': 500, 'num_leaves': 15}",0.9846630213324529,0.984832134775361,0.9851985472349952,0.984948842977536,0.9849246838169863,0.9849134460274662,0.00017434791545268554,122,5,500.0
,7.367048215866089,0.20975557295372785,0.4820713043212891,0.01646313132787816,0.15,12,31,"{'learning_rate': 0.15, 'max_depth': 12, 'n_estimators': 500, 'num_leaves': 31}",0.9883513049920678,0.9883351989498861,0.9879848925324335,0.9887982025584551,0.9883512580882856,0.9883641714242255,0.00025822749924456147,77,5,500.0
,9.662232303619385,0.8627678558652581,0.6623108386993408,0.03988621269752,0.15,12,63,"{'learning_rate': 0.15, 'max_depth': 12, 'n_estimators': 500, 'num_leaves': 63}",0.9916288845760487,0.991846316145502,0.991584592960049,0.9923858379000857,0.9915442938076044,0.9917979850778581,0.00031189654341103127,43,5,500.0
,14.482697296142579,1.1046123444408624,1.044663381576538,0.06311108517461071,0.15,12,127,"{'learning_rate': 0.15, 'max_depth': 12, 'n_estimators': 500, 'num_leaves': 127}",0.9943628852363965,0.9938273593338541,0.9934971854691288,0.9936139285613622,0.9940447669244986,0.9938692251050479,0.000309792774082772,21,5,500.0
,21.051839685440065,0.8932078385391239,1.5496174335479735,0.018870638920840746,0.15,12,255,"{'learning_rate': 0.15, 'max_depth': 12, 'n_estimators': 500, 'num_leaves': 255}",0.9949910208814837,0.9949064641600296,0.9951198692189375,0.9949346293380793,0.9949346293380793,0.994977322587322,7.638524625607931e-05,9,5,500.0
,9.714247179031371,0.4087329543739012,0.6153389930725097,0.01745645017038872,0.15,12,15,"{'learning_rate': 0.15, 'max_depth': 12, 'n_estimators': 1000, 'num_leaves': 15}",0.9875943210095267,0.9876788777309807,0.9878600707055252,0.9881781174376795,0.9877392260210265,0.9878101225809477,0.0002033405423466391,82,5,1000.0
,11.846492147445678,0.2860314294528348,0.8206786632537841,0.021457838158706822,0.15,12,31,"{'learning_rate': 0.15, 'max_depth': 12, 'n_estimators': 1000, 'num_leaves': 31}",0.9910450405469612,0.9913148167535051,0.9912745516480508,0.991850309841234,0.9906061130729245,0.9912181663725352,0.0004041553546596264,48,5,1000.0
,15.716365003585816,1.2058267752365956,1.2144504070281983,0.053126825513890634,0.15,12,63,"{'learning_rate': 0.15, 'max_depth': 12, 'n_estimators': 1000, 'num_leaves': 63}",0.9900263333789672,0.9937991737600361,0.9918100775505931,0.9941293239864225,0.9892894388229657,0.9918108694997969,0.0019427180695939792,42,5,1000.0
,24.803196144104003,1.739528236750738,2.0915912628173827,0.1699057254512844,0.15,12,127,"{'learning_rate': 0.15, 'max_depth': 12, 'n_estimators': 1000, 'num_leaves': 127}",0.995236638024755,0.9948863316073024,0.990090757547694,0.9909886331149613,0.9951923270506094,0.9932789374690645,0.0022577578398761534,31,5,1000.0
,55.16874814033508,21.74315062403151,3.7265622138977053,0.07163807465767275,0.15,12,255,"{'learning_rate': 0.15, 'max_depth': 12, 'n_estimators': 1000, 'num_leaves': 255}",0.9956876072058433,0.9956030504843892,0.9956594216320253,0.9956231654137457,0.9956634306813286,0.9956473350834664,3.0240024527680873e-05,3,5,1000.0
