,Unnamed: 0,mean_fit_time,std_fit_time,mean_score_time,std_score_time,param_learning_rate,param_max_depth,param_n_estimators,params,split0_test_score,split1_test_score,split2_test_score,split3_test_score,split4_test_score,mean_test_score,std_test_score,rank_test_score,cv
0,0.0,292.0189302444458,4.983463522076213,22.851410818099975,0.3711442096090105,0.15,28,600,"{'learning_rate': 0.15, 'max_depth': 28, 'n_estimators': 600}",0.9982283316658032,0.998489336,0.9983509247871428,0.998441881,0.998295553,0.9983612054427814,9.48655881160252e-05,2,5
1,1.0,306.9516053199768,1.2972965541210493,22.934642171859743,0.1955840019370255,0.15,28,650,"{'learning_rate': 0.15, 'max_depth': 28, 'n_estimators': 650}",0.9982283316658032,0.9984814271421172,0.9983588340207776,0.9984260625066734,0.9983232358384612,0.9983635782347664,8.687266557648443e-05,1,5
2,2.0,215.5275142192841,82.79110715884245,19.312301778793337,2.2342139220571675,0.15,28,700,"{'learning_rate': 0.15, 'max_depth': 28, 'n_estimators': 700}",0.9982401955162554,0.9984656086748476,0.998362789,0.9984339717403082,0.998295553,0.9983596235960543,8.383144492612324e-05,3,5
3,3.0,22.84746742248535,0.9606442221834888,0.8381259918212891,0.0608188974620807,0.05,4,200,"{'learning_rate': 0.05, 'max_depth': 4, 'n_estimators': 200}",0.978799299,0.9787637076905432,0.9787953446250826,0.978898165,0.9788783080500498,0.978826965,5.190805368302645e-05,100,5
4,4.0,38.37709555625916,3.256303315,1.5434273719787597,0.1973793648912815,0.05,4,400,"{'learning_rate': 0.05, 'max_depth': 4, 'n_estimators': 400}",0.9791789424563708,0.9791947609236404,0.9791908063068228,0.9793371271290668,0.9792539981334136,0.9792311269898628,5.9043361197824854e-05,99,5
5,5.0,42.74011316299438,4.063993390748815,2.213594102859497,0.2616350533381055,0.05,4,600,"{'learning_rate': 0.05, 'max_depth': 4, 'n_estimators': 600}",0.9796653603249114,0.9796851334089984,0.9796297687735548,0.979847272698512,0.9796850530711676,0.9797025176554288,7.514560965283539e-05,96,5
6,6.0,47.06052927970886,3.856677696525277,2.4214432716369627,0.1803130098065514,0.05,4,650,"{'learning_rate': 0.05, 'max_depth': 4, 'n_estimators': 650}",0.979760271,0.979859136548964,0.9798116811471552,0.9799698658198512,0.9798116013097744,0.9798425111908547,7.094356102337144e-05,95,5
7,7.0,52.949975395202635,2.854636831780079,2.645168924331665,0.3246488090864587,0.05,4,700,"{'learning_rate': 0.05, 'max_depth': 4, 'n_estimators': 700}",0.9799065919507728,0.9799777750534862,0.9799500927357644,0.9800885043243734,0.9799223310185552,0.9799690590165904,6.448024623272185e-05,94,5
8,8.0,28.909820556640625,3.553916405,1.6616350173950196,0.1794900030798064,0.05,6,200,"{'learning_rate': 0.05, 'max_depth': 6, 'n_estimators': 200}",0.980211097,0.9801399143429996,0.9803257813334176,0.9803613728847744,0.9803098849992882,0.9802696102012388,8.178313241911239e-05,92,5
9,9.0,45.02659173,1.6146992846016128,3.263737201690674,0.3009011403254359,0.05,6,400,"{'learning_rate': 0.05, 'max_depth': 6, 'n_estimators': 400}",0.9822833166580324,0.9822081789385018,0.9821923604712322,0.9823624089943804,0.9824137494661246,0.9822920029056544,8.580182448011684e-05,86,5
10,10.0,86.80494027137756,43.369730884710414,27.96050763130188,28.63354024,0.05,6,600,"{'learning_rate': 0.05, 'max_depth': 6, 'n_estimators': 600}",0.9844109005057956,0.984209215048108,0.9843238989358126,0.9847747252529966,0.9843910656943544,0.9844219610874134,0.000189946,77,5
11,11.0,406.41956744194033,103.24241490319623,27.45847792625427,42.544357313034176,0.05,6,650,"{'learning_rate': 0.05, 'max_depth': 6, 'n_estimators': 650}",0.985071321514302,0.9846837690661964,0.9848340445052576,0.985217642336546,0.9848498030593036,0.9849313160963212,0.000189193,73,5
12,12.0,482.17650628089905,1.8429585657683365,4.988568115234375,0.4410435380308173,0.05,6,700,"{'learning_rate': 0.05, 'max_depth': 6, 'n_estimators': 700}",0.9854984201305814,0.9854074639437812,0.9853639631587896,0.985798971008704,0.9853955423382952,0.9854928721160302,0.000159444,72,5
13,13.0,175.75188565254211,84.03718759,25.873444604873654,46.72229314930544,0.05,8,200,"{'learning_rate': 0.05, 'max_depth': 8, 'n_estimators': 200}",0.9842764435340038,0.9843199443189952,0.9843990366553432,0.9846165405803003,0.9848023474698262,0.9844828625116936,0.00019805,76,5
14,14.0,57.16863102912903,6.5264509420648595,4.841019344329834,0.7256715366517992,0.05,8,400,"{'learning_rate': 0.05, 'max_depth': 8, 'n_estimators': 400}",0.9891722591539492,0.9892157599389408,0.988757024,0.9895400385179678,0.989310628,0.989199142,0.000254993,69,5
15,15.0,79.09583644866943,5.688864039628242,6.649008321762085,1.037598734699291,0.05,8,600,"{'learning_rate': 0.05, 'max_depth': 8, 'n_estimators': 600}",0.9922212687201674,0.9920670386642886,0.9922410418042544,0.9927353689064298,0.9925929734090514,0.9923715383008382,0.000250494,61,5
16,16.0,94.49894981384276,19.047727978809487,8.415175914764404,2.0242282781081813,0.05,8,650,"{'learning_rate': 0.05, 'max_depth': 8, 'n_estimators': 650}",0.9928421435604996,0.9928105066259604,0.9928737804950388,0.993198059,0.9931703497476944,0.9929789679006518,0.000168993,58,5
17,17.0,104.84891414642334,16.371757000967396,8.570887422561645,1.5106671661579714,0.05,8,700,"{'learning_rate': 0.05, 'max_depth': 8, 'n_estimators': 700}",0.9933285614290404,0.9934313814662928,0.9934392906999276,0.9937635692789548,0.9935737222582534,0.9935073050264938,0.000149948,56,5
18,18.0,52.116044187545775,1.2895715069793587,5.357386589050293,0.8484905402652636,0.05,12,200,"{'learning_rate': 0.05, 'max_depth': 12, 'n_estimators': 200}",0.9952228228845766,0.9953256429218292,0.9948194519692014,0.9952346867350288,0.9947007925083444,0.9950606794037962,0.000250792,51,5
19,19.0,102.89496793746947,2.2619832001860587,10.817051076889038,0.4806563688222071,0.05,12,400,"{'learning_rate': 0.05, 'max_depth': 12, 'n_estimators': 400}",0.997520455,0.997971282,0.9977419137972626,0.9978091422831584,0.997469035227866,0.9977023656272894,0.000185912,43,5
20,20.0,155.00758385658264,3.3079297240273964,17.634631538391112,1.6479197765122433,0.05,12,600,"{'learning_rate': 0.05, 'max_depth': 12, 'n_estimators': 600}",0.9981334208621856,0.9983706978712298,0.9982322862826206,0.998315333235786,0.9980226837717704,0.9982148844047184,0.000125098,33,5
21,21.0,167.9906439781189,4.458717429907622,18.778410816192626,1.5050253392143358,0.05,12,650,"{'learning_rate': 0.05, 'max_depth': 12, 'n_estimators': 650}",0.9981452847126376,0.998402335,0.9982797416844296,0.998323242,0.9981017764208996,0.9982504760186316,0.000111704,31,5
22,22.0,187.50489563941952,5.625487847797756,23.72817177772522,2.168035254195315,0.05,12,700,"{'learning_rate': 0.05, 'max_depth': 12, 'n_estimators': 700}",0.9981413300958204,0.9984497902075778,0.9983548794039602,0.9984181532730386,0.9981531866428334,0.9983034679246462,0.000131209,27,5
23,23.0,83.15813417434693,6.487048979010511,9.075499057769775,1.6557489312230087,0.05,15,200,"{'learning_rate': 0.05, 'max_depth': 15, 'n_estimators': 200}",0.997647003,0.9978684615354196,0.9977893691990716,0.9978882346195066,0.9975758103041904,0.9977537757303664,0.00012294,42,5
24,24.0,194.55871138572692,4.416280348277365,17.212979793548584,0.2924605137108754,0.05,15,400,"{'learning_rate': 0.05, 'max_depth': 15, 'n_estimators': 400}",0.9980978293108288,0.9984260625066734,0.9982718324507946,0.9983074240021512,0.9982362339244192,0.9982678764389734,0.00010632,30,5
25,25.0,267.76669244766236,6.421692530649261,30.677056980133056,0.7201120676396995,0.05,15,600,"{'learning_rate': 0.05, 'max_depth': 15, 'n_estimators': 600}",0.998256014,0.9985170186934736,0.9983390609366906,0.9984181532730386,0.9982836895138966,0.9983627872801248,9.494488390298115e-05,20,5
26,26.0,251.08541030883788,25.75291520558775,27.983326053619383,3.254783243381611,0.05,15,650,"{'learning_rate': 0.05, 'max_depth': 15, 'n_estimators': 650}",0.9982243770489858,0.9985209733102912,0.998382561721682,0.9984260625066734,0.9982480978217884,0.998360414481884,0.000111086,21,5
27,27.0,222.0698872089386,24.753281041772993,28.75275855064392,2.945885783964559,0.05,15,700,"{'learning_rate': 0.05, 'max_depth': 15, 'n_estimators': 700}",0.9982243770489858,0.9985170186934736,0.9983904709553169,0.9984497902075778,0.9982757802489836,0.9983714874308676,0.000108141,18,5
28,28.0,22.008533906936645,1.5226087418145082,0.9291190147399904,0.1163092047625884,0.1,4,200,"{'learning_rate': 0.1, 'max_depth': 4, 'n_estimators': 200}",0.9792026701572752,0.979182897073188,0.979309445,0.979495312,0.9794319565939542,0.9793244560875052,0.000123162,98,5
29,29.0,35.55835142,1.296376190822757,1.7611274242401125,0.1599532655746574,0.1,4,400,"{'learning_rate': 0.1, 'max_depth': 4, 'n_estimators': 400}",0.9804088282865832,0.9803455544175048,0.9804879206229312,0.9805432852583748,0.98034152205894,0.9804254221288669,7.936146131649958e-05,91,5
30,30.0,49.46580348014832,3.514134206,2.7061387062072755,0.3203364485663349,0.1,4,600,"{'learning_rate': 0.1, 'max_depth': 4, 'n_estimators': 600}",0.9816070771822564,0.9816308048831608,0.9817138518363264,0.9818324903408484,0.9816109590774632,0.9816790366640112,8.59059446683267e-05,89,5
31,31.0,48.35345244407654,1.8571203478394505,2.594258165359497,0.3313250428680133,0.1,4,650,"{'learning_rate': 0.1, 'max_depth': 4, 'n_estimators': 650}",0.98196694731264,0.9819353103781008,0.9820381304153534,0.9820618581162578,0.9819708306310012,0.9819946153706706,4.7462539687346774e-05,87,5
32,32.0,53.79585604667663,3.634648596322283,2.691542625427246,0.074714948,0.1,4,700,"{'learning_rate': 0.1, 'max_depth': 4, 'n_estimators': 700}",0.9822477251066758,0.982326817443024,0.9823742728448328,0.982366363611198,0.9823662938766472,0.9823362945764756,4.728809737427322e-05,85,5
33,33.0,26.221015834808348,1.9016678119324435,1.6281577110290528,0.1490641770791199,0.1,6,200,"{'learning_rate': 0.1, 'max_depth': 6, 'n_estimators': 200}",0.9823505451439284,0.9823070443589368,0.9828448722461036,0.98268273295659,0.9824532957906892,0.9825276980992496,0.000205057,83,5
34,34.0,46.46850471496582,4.258655415613318,2.8955341815948485,0.092804637,0.1,6,400,"{'learning_rate': 0.1, 'max_depth': 6, 'n_estimators': 400}",0.9868034436803246,0.9867757613626028,0.98699326528756,0.9869972199043774,0.9867480266384042,0.986863543374654,0.000108958,71,5
35,35.0,65.86237802505494,5.081706380949138,4.7778150081634525,0.6365067344542179,0.1,6,600,"{'learning_rate': 0.1, 'max_depth': 6, 'n_estimators': 600}",0.9904693734700576,0.9905010104045968,0.9903309618814484,0.9903705080496226,0.9904060616606292,0.990415583,6.24089687223923e-05,67,5
36,36.0,73.5321425,6.712977149839394,4.620182180404663,0.42846683,0.1,6,650,"{'learning_rate': 0.1, 'max_depth': 6, 'n_estimators': 650}",0.9911060667776596,0.991169341,0.9909874282731376,0.9909913828899548,0.9911020769729662,0.9910712591120912,7.09776330858549e-05,64,5
37,37.0,79.6382237,6.748844601811796,5.317970561981201,0.6516577313644877,0.1,6,700,"{'learning_rate': 0.1, 'max_depth': 6, 'n_estimators': 700}",0.9917743970198007,0.9918574439729664,0.991580621,0.9915292107771218,0.9917822737554772,0.9917047892642228,0.000126805,63,5
38,38.0,36.119109344482425,3.3583900014705774,2.520322322845459,0.2606067362142111,0.1,8,200,"{'learning_rate': 0.1, 'max_depth': 8, 'n_estimators': 200}",0.989532129,0.989551902,0.9896507677888552,0.989101076,0.9896625907588148,0.989499693250332,0.000205928,68,5
39,39.0,60.23830275535583,3.459483605020078,4.383668518066406,0.1015326059619617,0.1,8,400,"{'learning_rate': 0.1, 'max_depth': 8, 'n_estimators': 400}",0.9949064535391844,0.9949024989223668,0.9950171828100716,0.994942045,0.99478383978993,0.9949104040304186,7.54976404328312e-05,52,5
40,40.0,89.39034633636474,5.942184979149054,7.369894790649414,0.2369659120585474,0.1,8,600,"{'learning_rate': 0.1, 'max_depth': 8, 'n_estimators': 600}",0.9970142643028604,0.9972515413119046,0.997069629,0.997109175,0.9968007023427242,0.9970490624004542,0.00014692,49,5
41,41.0,99.87323503494262,3.149810497277799,7.890054082870483,0.1777888454162585,0.1,8,650,"{'learning_rate': 0.1, 'max_depth': 8, 'n_estimators': 650}",0.9972634051623568,0.9975165006386706,0.997374134433244,0.9973424974987048,0.9970142524953732,0.99730215804567,0.000165615,47,5
42,42.0,110.6085153579712,5.254792700422508,8.285103225708008,0.9557295237864736,0.1,8,700,"{'learning_rate': 0.1, 'max_depth': 8, 'n_estimators': 700}",0.9974967275545836,0.9977023676290886,0.9975837291245664,0.9975560468068446,0.997366215,0.997541017179816,0.000110092,46,5
43,43.0,57.098807382583615,1.3772920848379984,5.404944181442261,0.4508533716819313,0.1,12,200,"{'learning_rate': 0.1, 'max_depth': 12, 'n_estimators': 200}",0.99763909376001,0.9976786399281842,0.9976311845263752,0.9978684615354196,0.997417625005932,0.9976470009511844,0.000143507,44,5
44,44.0,105.43196024894716,4.014968609226507,10.299532747268676,0.434196677799221,0.1,12,400,"{'learning_rate': 0.1, 'max_depth': 12, 'n_estimators': 400}",0.9981096931612812,0.9984379263571256,0.9982797416844296,0.9984062894225864,0.9981848237024852,0.9982836948655816,0.000125606,29,5
45,45.0,150.3783902645111,5.477836308305084,15.21904468536377,1.481821636037347,0.1,12,600,"{'learning_rate': 0.1, 'max_depth': 12, 'n_estimators': 600}",0.998216468,0.9984972456093868,0.9983865163384994,0.9984497902075778,0.998208551497224,0.9983517142936078,0.000118993,22,5
46,46.0,157.8088613986969,12.509347776127967,17.390106630325317,1.3309906482237042,0.1,12,650,"{'learning_rate': 0.1, 'max_depth': 12, 'n_estimators': 650}",0.9982520593667076,0.9985328371607431,0.9983865163384994,0.998441881,0.9982283246595062,0.998368324,0.000114825,19,5
47,47.0,168.85587525367737,3.015828495013829,20.762225914001466,1.6081059924897776,0.1,12,700,"{'learning_rate': 0.1, 'max_depth': 12, 'n_estimators': 700}",0.9982520593667076,0.9985565648616476,0.9984260625066734,0.998461654,0.9982520524542448,0.9983896786494608,0.000120196,15,5
48,48.0,74.99000477790833,3.1696589887137314,8.801680946350098,1.256239525454694,0.1,15,200,"{'learning_rate': 0.1, 'max_depth': 15, 'n_estimators': 200}",0.9978961438531414,0.9982639232171598,0.9983588340207776,0.9982520593667076,0.9982362339244192,0.9982014388764412,0.000158528,35,5
49,49.0,129.0054980278015,6.604766493425428,16.234099435806275,2.0448277851549816,0.1,15,400,"{'learning_rate': 0.1, 'max_depth': 15, 'n_estimators': 400}",0.998117602,0.9984537448243952,0.9984853817589344,0.9983548794039602,0.9983034626761788,0.998343014,0.000130419,24,5
50,50.0,184.71732935905456,11.44321362606042,23.82150101661682,1.885751671247487,0.1,15,600,"{'learning_rate': 0.1, 'max_depth': 15, 'n_estimators': 600}",0.9981927401144466,0.9985170186934736,0.9985249279271085,0.9983904709553169,0.998339054,0.9983928424117264,0.000123131,14,5
51,51.0,197.9104202747345,11.104464306816595,23.500183582305908,2.3824296966956737,0.1,15,650,"{'learning_rate': 0.1, 'max_depth': 15, 'n_estimators': 650}",0.998196695,0.9985012,0.9985209733102912,0.998402335,0.9983548728981128,0.9983952151943282,0.000116736,11,5
52,52.0,193.4678250312805,19.32185877649972,24.46321635246277,3.394506619520503,0.1,15,700,"{'learning_rate': 0.1, 'max_depth': 15, 'n_estimators': 700}",0.9982085585817162,0.9985367917775608,0.9985367917775608,0.9984181532730386,0.9983627821630258,0.9984126155145804,0.000122469,4,5
53,53.0,22.612307405471803,0.8386660810485891,1.0690834522247314,0.062694008,0.12,4,200,"{'learning_rate': 0.12, 'max_depth': 4, 'n_estimators': 200}",0.979574404,0.9793964463813278,0.9796139503062852,0.9797958626798856,0.9796731891737982,0.9796107705358814,0.000130708,97,5
54,54.0,36.24077110290527,2.1318505562596712,1.881432008743286,0.1845406925573993,0.12,4,400,"{'learning_rate': 0.12, 'max_depth': 4, 'n_estimators': 400}",0.9810376123605504,0.9809782931082892,0.9808992007719411,0.9810890223791766,0.9808279418510844,0.9809664140942084,9.373930707497523e-05,90,5
55,55.0,49.168116855621335,4.283085147183276,2.4333566665649413,0.319133354527521,0.12,4,600,"{'learning_rate': 0.12, 'max_depth': 4, 'n_estimators': 600}",0.9824138190130068,0.982564094,0.9825047751998072,0.9825324575175288,0.9825600708670136,0.9825150434098848,5.493367353693835e-05,84,5
56,56.0,55.77629175186157,5.665115177343314,2.841230344772339,0.2414317786023013,0.12,4,650,"{'learning_rate': 0.12, 'max_depth': 4, 'n_estimators': 650}",0.9827380975920338,0.982995148,0.9828448722461036,0.9829002368815474,0.982915988,0.982878868,8.523789297005396e-05,82,5
57,57.0,53.362618923187256,6.043932117524612,2.9480844020843504,0.2014301808957069,0.12,4,700,"{'learning_rate': 0.12, 'max_depth': 4, 'n_estimators': 700}",0.983042603086974,0.9833629270491836,0.9832640616287484,0.9832640616287484,0.9832837686065458,0.9832434844000402,0.000106855,81,5
58,58.0,28.154339408874513,1.8225098018859012,1.6585305690765382,0.1609915367474109,0.12,6,200,"{'learning_rate': 0.12, 'max_depth': 6, 'n_estimators': 200}",0.9833391993482792,0.9832640616287484,0.9834143370678098,0.983445974,0.9834379992723477,0.9833803142639068,6.928408779058126e-05,80,5
59,59.0,47.09004678726196,5.929829823285392,3.271471881866455,0.3835095012830191,0.12,6,400,"{'learning_rate': 0.12, 'max_depth': 6, 'n_estimators': 400}",0.988345744239112,0.9883971542577382,0.9884208819586426,0.9884960196781732,0.9887016150718952,0.9884722830411125,0.000124463,70,5
60,60.0,60.49369926452637,3.1390266978500487,4.012229633331299,0.1924875813809369,0.12,6,600,"{'learning_rate': 0.12, 'max_depth': 6, 'n_estimators': 600}",0.9920077194120276,0.9920472655802016,0.9920551748138364,0.9921619494679064,0.9918692756695192,0.9920282769886984,9.450547577920524e-05,62,5
61,61.0,72.41560130119323,7.351017814,4.1196221828460695,0.075908248,0.12,6,650,"{'learning_rate': 0.12, 'max_depth': 6, 'n_estimators': 650}",0.9926246396355424,0.9928698258782216,0.9926997773550732,0.9928144612427778,0.9926878845880064,0.9927393177399242,8.948608713971823e-05,60,5
62,62.0,83.56487998962402,9.150468661571836,4.926689577102661,0.6967826298658191,0.12,6,700,"{'learning_rate': 0.12, 'max_depth': 6, 'n_estimators': 700}",0.993198059,0.9934392906999276,0.9932138775413356,0.9933087883449532,0.993166395,0.993265282155104,9.910780576849728e-05,57,5
63,63.0,33.69364181,3.600075448753714,2.307959032058716,0.2951142158273082,0.12,8,200,"{'learning_rate': 0.12, 'max_depth': 8, 'n_estimators': 200}",0.9908292436004412,0.9911218852449292,0.990884608,0.9913512530203386,0.9908015249062752,0.990997703001574,0.000209797,65,5
64,64.0,56.742498064041136,6.112020809299422,4.072778558731079,0.1584248837942968,0.12,8,400,"{'learning_rate': 0.12, 'max_depth': 8, 'n_estimators': 400}",0.995756696,0.9962668417243712,0.9956341030335866,0.9960849293507704,0.9959662748944114,0.9959417690316132,0.000226132,50,5
65,65.0,86.27080335617066,5.838749264803825,7.423624563217163,1.240079218278121,0.12,8,600,"{'learning_rate': 0.12, 'max_depth': 8, 'n_estimators': 600}",0.997480909,0.9977933238158888,0.9975165006386706,0.9976351391431928,0.9975995380989292,0.9976050821567992,0.000109211,45,5
66,66.0,97.45416550636293,5.139187537568278,7.003607225418091,1.0995146860232123,0.12,8,650,"{'learning_rate': 0.12, 'max_depth': 8, 'n_estimators': 650}",0.9976707306945494,0.99795941772222,0.9977537776477148,0.997911962,0.997856589,0.9978304955186988,0.000105213,41,5
67,67.0,115.98431806564332,20.39665110378406,8.895571517944337,1.750484871448387,0.12,8,700,"{'learning_rate': 0.12, 'max_depth': 8, 'n_estimators': 700}",0.9978210061336108,0.998117602,0.9978605523017848,0.9979752361894896,0.9979673189173798,0.9979483431874362,0.00010359,40,5
68,68.0,50.34349412918091,0.979483244,5.135984420776367,0.5499852144206522,0.12,12,200,"{'learning_rate': 0.12, 'max_depth': 12, 'n_estimators': 200}",0.9978091422831584,0.9980978293108288,0.9979633723390372,0.9981808762639944,0.9978249521489472,0.9979752344691932,0.000146718,39,5
69,69.0,99.06393933296204,6.919715485098305,10.222029399871824,2.0978556219932387,0.12,12,400,"{'learning_rate': 0.12, 'max_depth': 12, 'n_estimators': 400}",0.998236240899438,0.9984181532730386,0.9983074240021512,0.9984497902075778,0.9982243700270496,0.9983271956818512,9.223828725653625e-05,26,5
70,70.0,136.9619031429291,0.897740052,15.202384281158448,0.4159597616876674,0.12,12,600,"{'learning_rate': 0.12, 'max_depth': 12, 'n_estimators': 600}",0.9982322862826206,0.9985328371607431,0.9983706978712298,0.9984695632916648,0.9982757802489836,0.9983762329710484,0.000113206,17,5
71,71.0,1081.4528754234314,7.321989169563662,747.4798119544982,357.65524178406287,0.12,12,650,"{'learning_rate': 0.12, 'max_depth': 12, 'n_estimators': 650}",0.9982599686003424,0.998528882543926,0.9983904709553169,0.9984932909925692,0.998295553,0.998393633,0.000105565,12,5
72,72.0,2002.346928262711,4.798020192572791,17.902777481079102,1.341495446600464,0.12,12,700,"{'learning_rate': 0.12, 'max_depth': 12, 'n_estimators': 700}",0.998275787067612,0.9985130640766564,0.9983904709553169,0.9985130640766564,0.998331145103374,0.9984047062559231,9.562100050779312e-05,7,5
73,73.0,809.5676845,687.6573986,188.5080687046051,361.30850523801314,0.12,15,200,"{'learning_rate': 0.12, 'max_depth': 15, 'n_estimators': 200}",0.9981215570117332,0.9982718324507946,0.9983311517030558,0.9982836963012468,0.9982164607621368,0.9982449396457936,7.168283102963222e-05,32,5
74,74.0,119.0486749649048,1.722367399756424,14.79820137023926,0.4484295031210922,0.12,15,400,"{'learning_rate': 0.12, 'max_depth': 15, 'n_estimators': 400}",0.9981729670303596,0.998422108,0.9984260625066734,0.9984339717403082,0.9982718256165272,0.9983453869567448,0.000105244,23,5
75,75.0,171.3949649333954,8.690169967247755,19.168495416641235,1.5502190046233455,0.12,15,600,"{'learning_rate': 0.12, 'max_depth': 15, 'n_estimators': 600}",0.9982243770489858,0.998461654,0.9984339717403082,0.9984814271421172,0.9983627821630258,0.9983928424304936,9.333607640162843e-05,13,5
76,76.0,181.11008276939393,11.21162751641019,19.52566261291504,1.9182393796878372,0.12,15,650,"{'learning_rate': 0.12, 'max_depth': 15, 'n_estimators': 650}",0.998236240899438,0.9984576994412128,0.9984260625066734,0.9985012,0.9983865099577646,0.9984015426062586,9.081529787444602e-05,8,5
77,77.0,181.42112803459167,16.162262998995228,20.39472484588623,1.7743534313413072,0.12,15,700,"{'learning_rate': 0.12, 'max_depth': 15, 'n_estimators': 700}",0.998256014,0.9984774725252996,0.9984458355907604,0.9984814271421172,0.9983786006928516,0.9984078699869108,8.439608148118398e-05,6,5
78,78.0,22.912651824951173,0.4151415143502124,1.0288479328155518,0.022673772820809,0.15,4,200,"{'learning_rate': 0.15, 'max_depth': 4, 'n_estimators': 200}",0.9799619565862164,0.9798749550162336,0.9799619565862164,0.9802941443988784,0.979946058813294,0.9800078142801676,0.000146735,93,5
79,79.0,35.81318402290344,0.7481570918732593,1.7892209053039552,0.1463927136830876,0.15,4,400,"{'learning_rate': 0.15, 'max_depth': 4, 'n_estimators': 400}",0.9817533980045005,0.9817573526213178,0.9818403995744832,0.9819827657799096,0.981701915623962,0.9818071663208346,9.8376587528442e-05,88,5
80,80.0,47.910367822647096,3.543063256,2.453554964065552,0.2076133190980385,0.15,4,600,"{'learning_rate': 0.15, 'max_depth': 4, 'n_estimators': 600}",0.983572521740506,0.9835962494414104,0.9835804309741408,0.9837623433477414,0.9835605928784978,0.9836144276764592,7.485928499330087e-05,79,5
81,81.0,51.10224275588989,5.117344752381727,2.495951509475708,0.1686025997668377,0.15,4,650,"{'learning_rate': 0.15, 'max_depth': 4, 'n_estimators': 650}",0.9841261680949424,0.9841103496276729,0.9841380319453946,0.9841973511976556,0.98402723950836,0.9841198280748052,5.485233802249176e-05,78,5
82,82.0,57.82556495666504,2.224119281378922,2.904029369354248,0.2858660821681227,0.15,4,700,"{'learning_rate': 0.15, 'max_depth': 4, 'n_estimators': 700}",0.984553267,0.9845888582625788,0.9845255843935002,0.9846798144493788,0.9845452963601564,0.9845785640353674,5.460980264864523e-05,75,5
83,83.0,24.460453748703003,2.0412951399302655,1.571004962921143,0.1199871432552665,0.15,6,200,"{'learning_rate': 0.15, 'max_depth': 6, 'n_estimators': 200}",0.9843634451039868,0.984857772206162,0.9847272698511876,0.9850159568788582,0.9850791717417784,0.9848087231563948,0.000254323,74,5
84,84.0,44.26566872596741,3.806371324150823,2.8943771839141847,0.2872670655654077,0.15,6,400,"{'learning_rate': 0.15, 'max_depth': 6, 'n_estimators': 400}",0.9902637333955526,0.9904416911523358,0.9900897302555868,0.9906236035259364,0.9908806175554044,0.9904598751769632,0.000275551,66,5
85,85.0,60.058513164520264,5.650441688,3.9474125862121583,0.3553249357345848,0.15,6,600,"{'learning_rate': 0.15, 'max_depth': 6, 'n_estimators': 600}",0.9937517054285026,0.9939692093534596,0.9937240231107808,0.9937200684939632,0.99375959,0.9937849192740826,9.340399588125717e-05,55,5
86,86.0,67.69981045722962,6.325357237426845,4.317215681,0.4330162605817562,0.15,6,650,"{'learning_rate': 0.15, 'max_depth': 6, 'n_estimators': 650}",0.9943963079697392,0.9945624018760704,0.994246032530678,0.994344898,0.9943567394846324,0.9943812759624464,0.000103198,54,5
87,87.0,72.88848567008972,8.195012335147306,4.704325342178345,0.4131412701193485,0.15,6,700,"{'learning_rate': 0.15, 'max_depth': 6, 'n_estimators': 700}",0.9949064535391844,0.9949143627728192,0.9946454488292356,0.99483527,0.994957843618014,0.9948518758391448,0.000110454,53,5
88,88.0,36.30623517036438,2.091586423537216,2.3390410423278807,0.142264572,0.15,8,200,"{'learning_rate': 0.15, 'max_depth': 8, 'n_estimators': 200}",0.9928025973923256,0.9930715113359092,0.9928302797100474,0.9929212358968478,0.9930003005520668,0.9929251849774392,0.000101098,59,5
89,89.0,57.35853729248047,4.768850332271655,3.9753744125366217,0.3367433594564853,0.15,8,400,"{'learning_rate': 0.15, 'max_depth': 8, 'n_estimators': 400}",0.99703008277013,0.997148721,0.9968481703965294,0.997362270582792,0.9970458895550248,0.9970870269158256,0.000168257,48,5
90,90.0,85.24795575141907,7.841759591184617,6.904527044296264,0.6807079778761149,0.15,8,600,"{'learning_rate': 0.15, 'max_depth': 8, 'n_estimators': 600}",0.997951508,0.9980938746940116,0.9979791908063068,0.9982322862826206,0.9979910467121186,0.9980495813967286,0.000103288,38,5
91,91.0,91.88663206100463,4.023066908906003,7.048954248428345,0.7106622688964118,0.15,8,650,"{'learning_rate': 0.15, 'max_depth': 8, 'n_estimators': 650}",0.9980187369744808,0.9981334208621856,0.9980543285258376,0.9983351063198732,0.9981334134805512,0.9981350012325856,0.000109611,36,5
92,92.0,115.32334084510804,12.045382222512336,8.164315176010131,0.8749087734400671,0.15,8,700,"{'learning_rate': 0.15, 'max_depth': 8, 'n_estimators': 700}",0.9981492393294552,0.9982204224321684,0.998117602,0.998362789,0.9981729598051156,0.998204603,8.591680098557581e-05,34,5
93,93.0,49.78271327018738,0.5358137556129944,4.4427525997161865,0.1496188989880944,0.15,12,200,"{'learning_rate': 0.15, 'max_depth': 12, 'n_estimators': 200}",0.997892189,0.9982916055348816,0.9981452847126376,0.9982481047498902,0.9980147745068574,0.9981183917481182,0.000147957,37,5
94,94.0,92.88227162361144,2.0504507694398746,9.527064037322996,0.623695188,0.15,12,400,"{'learning_rate': 0.15, 'max_depth': 12, 'n_estimators': 400}",0.9981255116285508,0.9985130640766564,0.9983469701703254,0.9984379263571256,0.9982718256165272,0.99833906,0.000134341,25,5
95,95.0,141.6177825450897,10.795962195318726,14.418212842941283,0.9441665323760896,0.15,12,600,"{'learning_rate': 0.15, 'max_depth': 12, 'n_estimators': 600}",0.9982283316658032,0.9985842471793696,0.9984339717403082,0.9984497902075778,0.9982876441463532,0.9983967969878824,0.000126192,10,5
96,96.0,150.5152798652649,8.596928702343291,15.394974613189698,1.131208058886367,0.15,12,650,"{'learning_rate': 0.15, 'max_depth': 12, 'n_estimators': 650}",0.9982441501330728,0.9985644740952824,0.9984497902075778,0.9984497902075778,0.998295553,0.9984007516109557,0.000115936,9,5
97,97.0,171.7989348888397,11.002199452118866,16.922769451141356,1.735144480950526,0.15,12,700,"{'learning_rate': 0.15, 'max_depth': 12, 'n_estimators': 700}",0.9982836963012468,0.9985723833289172,0.9984695632916648,0.9984735179084824,0.9983271904709176,0.9984252702602456,0.000105446,1,5
98,98.0,66.61069216728211,1.0740262251063455,11.981480741500857,9.680039426104088,0.15,15,200,"{'learning_rate': 0.15, 'max_depth': 15, 'n_estimators': 200}",0.9981690124135422,0.9983983801889516,0.9983548794039602,0.998362789,0.9981887783349416,0.998294767795798,9.594159718137338e-05,28,5
99,99.0,1304.1549999713898,128.05704380359467,81.62202711105347,117.77236253452767,0.15,15,400,"{'learning_rate': 0.15, 'max_depth': 15, 'n_estimators': 400}",0.9982639232171598,0.9985328371607431,0.998441881,0.9984102440394038,0.998295553,0.998388888,9.829876803824688e-05,16,5
100,100.0,2890.9968140125275,10.62661981974844,18.127899503707887,1.97951339102678,0.15,15,600,"{'learning_rate': 0.15, 'max_depth': 15, 'n_estimators': 600}",0.998236240899438,0.998540746394378,0.9985130640766564,0.9984260625066734,0.998346964,0.9984126155020692,0.000111451,5,5
101,101.0,2155.9363914489745,601.6129798151343,15.273530864715577,1.319503397,0.15,15,650,"{'learning_rate': 0.15, 'max_depth': 15, 'n_estimators': 650}",0.9982520593667076,0.998540746394378,0.998540746394378,0.9984260625066734,0.9983350997358306,0.9984189428795937,0.000113669,3,5
102,102.0,738.7956757068634,735.3457801209742,14.053337478637696,1.3227342028385718,0.15,15,700,"{'learning_rate': 0.15, 'max_depth': 15, 'n_estimators': 700}",0.9982441501330728,0.998528882543926,0.9985091094598388,0.9984339717403082,0.9983865099577646,0.9984205247669822,0.000102014,2,5
103,103.0,22.534575879573826,2.881388432582212,1.2144805192947388,0.2346192497487421,0.05,4,200,"{'learning_rate': 0.05, 'max_depth': 4, 'n_estimators': 200}",0.9788095644856146,0.9788032370937024,0.978793746005834,0.978853856229001,,0.978815100953538,2.3072758910267557e-05,100,4
104,104.0,32.836046278476715,2.8337623530444196,2.20972603559494,0.3576680348543958,0.05,4,400,"{'learning_rate': 0.05, 'max_depth': 4, 'n_estimators': 400}",0.9791544073448364,0.9791797169124858,0.9791575710407928,0.97925880931139,,0.9791876261523764,4.223859937746504e-05,99,4
105,105.0,50.92307901382446,1.7793974065490656,3.805004477500915,0.1082716060030757,0.05,4,600,"{'learning_rate': 0.05, 'max_depth': 4, 'n_estimators': 600}",0.979587833690831,0.9795435419474446,0.9796289617382612,0.979799801319894,,0.9796400346741077,9.706155259419508e-05,96,4
106,106.0,45.63310462236405,1.2423924266586706,3.792948126792908,0.5438512562161681,0.05,4,650,"{'learning_rate': 0.05, 'max_depth': 4, 'n_estimators': 650}",0.97976183696842,0.9796985630492968,0.9797776554482008,0.9798725663268856,,0.9797776554482008,6.227741717452173e-05,95,4
107,107.0,48.28517919778824,3.80164330634252,3.5893595814704895,0.3737767244816969,0.05,4,700,"{'learning_rate': 0.05, 'max_depth': 4, 'n_estimators': 700}",0.9799105306783596,0.9798535841511488,0.9799295128540968,0.9800117689489568,,0.9799263491581404,5.6682272758573e-05,93,4
108,108.0,26.127352595329285,2.022461253902293,2.1588236689567566,0.1834124069088389,0.05,6,200,"{'learning_rate': 0.05, 'max_depth': 6, 'n_estimators': 200}",0.9802015907063268,0.980109843523598,0.9803566118081788,0.9803186474567048,,0.980246673373702,9.749561884575071e-05,92,4
109,109.0,41.5388907790184,2.4414919620384143,3.9873205423355103,0.5390911363714238,0.05,6,400,"{'learning_rate': 0.05, 'max_depth': 6, 'n_estimators': 400}",0.9821441000234112,0.9822105376384908,0.9823307580848252,0.9823529039565182,,0.9822595749258114,8.590177345652359e-05,86,4
110,110.0,56.95400142669678,5.669979916913586,5.5343047976493835,0.614714280409186,0.05,6,600,"{'learning_rate': 0.05, 'max_depth': 6, 'n_estimators': 600}",0.9841783565232248,0.9841910113070492,0.9842890858816904,0.9844852350309726,,0.9842859221857344,0.0001227946109291,77,4
111,111.0,63.21594303846359,6.244529365311113,6.29219526052475,1.240418667832648,0.05,6,650,"{'learning_rate': 0.05, 'max_depth': 6, 'n_estimators': 650}",0.984725675923641,0.984801604626589,0.9849249887688794,0.9850641913909506,,0.9848791151775148,0.0001283638201544,73,4
112,112.0,67.27843523025513,4.795346662475141,6.364513874053955,0.8327178510430929,0.05,6,700,"{'learning_rate': 0.05, 'max_depth': 6, 'n_estimators': 700}",0.9852413583644958,0.9852761590200136,0.9855387457843752,0.9854881266490764,,0.98538609745449,0.0001291775258241,72,4
113,113.0,33.711696803569794,3.16570949840024,3.3369991779327393,0.4547840023189466,0.05,8,200,"{'learning_rate': 0.05, 'max_depth': 8, 'n_estimators': 200}",0.9841087552121892,0.9841657017394,0.984472580247148,0.9844124700239808,,0.9842898768056796,0.0001554301478252,76,4
114,114.0,57.16229718923569,5.987189345801882,6.120433509349823,1.0817653445904911,0.05,8,400,"{'learning_rate': 0.05, 'max_depth': 8, 'n_estimators': 400}",0.9888637902343034,0.9888922634979088,0.9889776832887252,0.9893161987560348,,0.9890124839442432,0.0001802890371171,69,4
115,115.0,78.51823443174362,6.46490621890711,9.129306197166445,1.537512702849903,0.05,8,600,"{'learning_rate': 0.05, 'max_depth': 8, 'n_estimators': 600}",0.9922141442518808,0.9923027277386534,0.9919800307511248,0.9923438557860836,,0.9922101896319356,0.0001409066103795,61,4
116,116.0,90.2671070098877,5.668926772584952,10.627106130123138,2.6084204405509195,0.05,8,650,"{'learning_rate': 0.05, 'max_depth': 8, 'n_estimators': 650}",0.9928120827875958,0.9929164847541492,0.992622261030226,0.9928816840986314,,0.9928081281676506,0.0001137034043173,59,4
117,117.0,100.07578521966934,15.798278226437308,10.008023977279665,0.3105180692396261,0.05,8,700,"{'learning_rate': 0.05, 'max_depth': 8, 'n_estimators': 700}",0.9932929645729328,0.9933688932758806,0.9932296906538094,0.9933752206677928,,0.993316692292604,5.975534116514243e-05,56,4
118,118.0,49.50260293483734,1.0231889085964367,7.511285424232483,1.4127388575998248,0.05,12,200,"{'learning_rate': 0.05, 'max_depth': 12, 'n_estimators': 200}",0.9950488158286036,0.9945900799149598,0.9950519795245598,0.9948716488550584,,0.9948906310307954,0.0001882465556945,51,4
119,119.0,98.58522802591324,1.8736685872499452,13.94801926612854,0.4532583439803618,0.05,12,400,"{'learning_rate': 0.05, 'max_depth': 12, 'n_estimators': 400}",0.9975323171541922,0.9973393317008662,0.9974215877957264,0.997219111254532,,0.9973780869763292,0.0001145147594734,44,4
120,120.0,143.61362600326538,2.626455649209829,19.880901873111725,0.4071015038924855,0.05,12,600,"{'learning_rate': 0.05, 'max_depth': 12, 'n_estimators': 600}",0.9979689071961428,0.997918288060844,0.9980606543788716,0.9977695943509044,,0.9979293609966908,0.0001054156595454,33,4
121,121.0,152.8216431736946,0.4938603929949449,23.19574409723282,3.101288629019478,0.05,12,650,"{'learning_rate': 0.05, 'max_depth': 12, 'n_estimators': 650}",0.9980195263314414,0.9979942167637922,0.9980954550343892,0.9978486867498086,,0.9979894712198578,8.941289877475115e-05,29,4
122,122.0,168.1044557094574,9.350142489589782,27.2865110039711,4.162034713697959,0.05,12,700,"{'learning_rate': 0.05, 'max_depth': 12, 'n_estimators': 700}",0.9981144372101264,0.9980416722031346,0.998165056345425,0.9979024695810634,,0.9980559088349374,9.884967888463746e-05,27,4
123,123.0,75.84423094987869,0.8813538558343552,10.301655352115633,0.2461603668872592,0.05,15,200,"{'learning_rate': 0.05, 'max_depth': 15, 'n_estimators': 200}",0.9973456590927784,0.9974563884512444,0.9975987547692716,0.9972665666938744,,0.9974168422517922,0.000124805700332,42,4
124,124.0,141.3733730316162,6.2075990864163835,23.684600472450256,2.3316018114152066,0.05,15,400,"{'learning_rate': 0.05, 'max_depth': 15, 'n_estimators': 400}",0.9979689071961428,0.9979878893718798,0.998149237865644,0.9978297045740716,,0.9979839347519346,0.0001133065902956,30,4
125,125.0,201.6788787841797,11.240284344737418,32.33220309019089,0.7044669084267156,0.05,15,600,"{'learning_rate': 0.05, 'max_depth': 15, 'n_estimators': 600}",0.998149237865644,0.9981207646020388,0.9982694583119784,0.9979056332770196,,0.9981112735141702,0.0001311885190524,21,4
126,126.0,205.04319024086,7.96289369931812,32.55754595994949,0.7020321290574036,0.05,15,650,"{'learning_rate': 0.05, 'max_depth': 15, 'n_estimators': 650}",0.998146074169688,0.9981239282979948,0.9982726220079344,0.997934106540625,,0.9981191827540606,0.0001209777643109,20,4
127,127.0,194.7638669013977,5.43724088821638,35.729569017887115,4.269613864384398,0.05,15,700,"{'learning_rate': 0.05, 'max_depth': 15, 'n_estimators': 700}",0.998187202217118,0.998127091993951,0.9982726220079344,0.9979815619799676,,0.9981421195497427,0.0001061460069161,7,4
128,128.0,18.689043045043945,0.2902303730617147,1.1928006410598757,0.0509247349666144,0.1,4,200,"{'learning_rate': 0.1, 'max_depth': 4, 'n_estimators': 200}",0.979296773662864,0.9791607347367488,0.9794043393253736,0.9795467056434009,,0.9793521383420968,0.0001416703614368,98,4
129,129.0,30.16897600889206,0.2440440480142552,2.218879461288452,0.0776197751837775,0.1,4,400,"{'learning_rate': 0.1, 'max_depth': 4, 'n_estimators': 400}",0.9805084692140746,0.9803724302879596,0.9803692665920034,0.9805970527008472,,0.9804618046987212,9.620380133619316e-05,91,4
130,130.0,41.212431728839874,4.614617309283538,3.1880730390548706,0.543588713407583,0.1,4,600,"{'learning_rate': 0.1, 'max_depth': 4, 'n_estimators': 600}",0.981596780622995,0.981615762798732,0.9817170010693292,0.981694855197636,,0.9816560999221732,5.0884142627217074e-05,89,4
131,131.0,45.86740440130234,7.081502244692031,3.2014877796173096,0.5891808518421005,0.1,4,650,"{'learning_rate': 0.1, 'max_depth': 4, 'n_estimators': 650}",0.9819479508741292,0.9819131502186114,0.981982751529647,0.9818910043469182,,0.9819337142423264,3.4836588057601003e-05,87,4
132,132.0,52.76923829317093,4.016847223954521,3.876484453678131,0.4299078042373391,0.1,4,700,"{'learning_rate': 0.1, 'max_depth': 4, 'n_estimators': 700}",0.9822801389495264,0.9822927937333512,0.9823655587403428,0.9822263561182716,,0.982291211885373,4.964583950721706e-05,85,4
133,133.0,26.33288687467575,0.5538396761755033,2.157526910305023,0.3781997166442054,0.1,6,200,"{'learning_rate': 0.1, 'max_depth': 6, 'n_estimators': 200}",0.9822168650304032,0.982463633314984,0.9826376365925727,0.9824098504837292,,0.9824319963554222,0.0001500506006179,84,4
134,134.0,42.71398025751114,1.769687113112716,3.6144139170646663,0.4812192626743271,0.1,6,400,"{'learning_rate': 0.1, 'max_depth': 6, 'n_estimators': 400}",0.9865479647943914,0.9866523667609448,0.9866112387135146,0.9866650215447694,,0.9866191479534052,4.5654884081087974e-05,71,4
135,135.0,60.56135481595993,6.343291611474906,6.0960041880607605,0.4140247691235459,0.1,6,600,"{'learning_rate': 0.1, 'max_depth': 6, 'n_estimators': 600}",0.9902811260226648,0.9901102864410318,0.9899457742513114,0.9902336705833222,,0.9901427143245825,0.0001296801828167,67,4
136,136.0,63.46187174320221,5.5640757227163045,6.66595983505249,0.8743360255820494,0.1,6,650,"{'learning_rate': 0.1, 'max_depth': 6, 'n_estimators': 650}",0.9909866302208892,0.9908126269433002,0.990806299551388,0.9908822282543358,,0.9908719462424784,7.26057882990614e-05,64,4
137,137.0,77.50819236040115,1.4213578732298928,6.794953465461731,0.723179623766482,0.1,6,700,"{'learning_rate': 0.1, 'max_depth': 6, 'n_estimators': 700}",0.991600387236385,0.9913219819922426,0.991461184614314,0.9914074017830592,,0.9914477389065,0.0001011486340569,63,4
138,138.0,32.9658784866333,0.5580470452905535,3.626913785934448,0.2484251606074581,0.1,8,200,"{'learning_rate': 0.1, 'max_depth': 8, 'n_estimators': 200}",0.9893256898439032,0.9892086330935252,0.9892149604854376,0.9893478357155964,,0.9892742797846156,6.301138088573114e-05,68,4
139,139.0,57.63085800409317,1.594091183294967,5.550829291343689,0.9234438357815412,0.1,8,400,"{'learning_rate': 0.1, 'max_depth': 8, 'n_estimators': 400}",0.9947767379763736,0.9946027346987844,0.9948748125510146,0.9943939307656776,,0.9946620539979628,0.0001829121809413,53,4
140,140.0,85.67670542001724,4.478831515353365,8.714843571186066,0.8546304726161362,0.1,8,600,"{'learning_rate': 0.1, 'max_depth': 8, 'n_estimators': 600}",0.9967825212125814,0.996678119246028,0.9967856849085376,0.9964756427048336,,0.9966804920179952,0.0001259408312643,49,4
141,141.0,89.85929894447327,7.133979281544777,10.44084531068802,1.9921081451468137,0.1,8,650,"{'learning_rate': 0.1, 'max_depth': 8, 'n_estimators': 650}",0.9969375423144334,0.9969185601386964,0.9970735812405483,0.9968204855640552,,0.9969375423144332,9.023468737592075e-05,47,4
142,142.0,94.47417783737184,2.1366384507858687,10.619577646255491,0.4438067830811846,0.1,8,700,"{'learning_rate': 0.1, 'max_depth': 8, 'n_estimators': 700}",0.9972254386464444,0.9971336914637156,0.9973013673493922,0.9970134710173814,,0.9971684921192334,0.0001074027017758,46,4
143,143.0,53.19819796085358,1.316574530713223,7.288898289203644,0.9560770240122706,0.1,12,200,"{'learning_rate': 0.1, 'max_depth': 12, 'n_estimators': 200}",0.9974215877957264,0.9974437336674196,0.9975797725935348,0.9971779832071018,,0.9974057693159456,0.0001447887843371,43,4
144,144.0,108.27002882957458,3.801301226183304,13.555923342704771,0.4573479639356462,0.1,12,400,"{'learning_rate': 0.1, 'max_depth': 12, 'n_estimators': 400}",0.9981334193858632,0.9980100352435728,0.998184038521162,0.997855014141721,,0.9980456268230798,0.0001269500758888,28,4
145,145.0,152.51508152484894,3.579889973987463,20.803342521190643,4.8668901815384515,0.1,12,600,"{'learning_rate': 0.1, 'max_depth': 12, 'n_estimators': 600}",0.9981808748252058,0.9981144372101264,0.9982568035281536,0.9979467613244496,,0.998124719221984,0.0001144273227557,18,4
146,146.0,155.0375046133995,5.34270740708294,19.88742220401764,3.174847671775811,0.1,12,650,"{'learning_rate': 0.1, 'max_depth': 12, 'n_estimators': 650}",0.9982061843928552,0.998104946122258,0.9982441487443292,0.9979689071961428,,0.9981310466138962,0.0001065460043695,14,4
147,147.0,160.08743971586227,10.635598443909844,24.90955275297165,2.881298530123659,0.1,12,700,"{'learning_rate': 0.1, 'max_depth': 12, 'n_estimators': 700}",0.9981935296090304,0.9981429104737318,0.9982504761362414,0.9979499250204058,,0.9981342103098524,0.000112996993764,11,4
148,148.0,74.3958939909935,1.2895953895064003,8.828664422035217,0.5382469947685403,0.1,15,200,"{'learning_rate': 0.1, 'max_depth': 15, 'n_estimators': 200}",0.9979277791487128,0.9978233771821592,0.9980037078516606,0.9977347936953866,,0.9978724144694798,0.0001020383909624,35,4
149,149.0,133.08707535266876,3.085160104825058,21.06887269020081,0.6012505508885081,0.1,15,400,"{'learning_rate': 0.1, 'max_depth': 15, 'n_estimators': 400}",0.998127091993951,0.9980005441557044,0.998184038521162,0.9979372702365812,,0.9980622362268496,9.80618169727812e-05,26,4
150,150.0,182.08952939510343,3.240138442342908,24.07021999359131,0.382121747688703,0.1,15,600,"{'learning_rate': 0.1, 'max_depth': 15, 'n_estimators': 600}",0.9981429104737318,0.9980764728586524,0.9982156754807237,0.9980448358990908,,0.9981199736780496,6.561809724901394e-05,19,4
151,151.0,180.57102978229523,4.0681973365336,25.877529680728912,0.3110519674381424,0.1,15,650,"{'learning_rate': 0.1, 'max_depth': 15, 'n_estimators': 650}",0.9981555652575564,0.9980986187303456,0.998187202217118,0.9980638180748276,,0.998126301069962,4.805148022716264e-05,17,4
152,152.0,177.6897572875023,11.041440272820736,25.485564410686493,2.352476793416183,0.1,15,700,"{'learning_rate': 0.1, 'max_depth': 15, 'n_estimators': 700}",0.9981587289535128,0.998104946122258,0.998222002872636,0.9980416722031346,,0.9981318375378851,6.653170606993157e-05,13,4
153,153.0,17.03371673822403,0.1496825910161385,1.1141515970230105,0.0264803485966171,0.12,4,200,"{'learning_rate': 0.12, 'max_depth': 4, 'n_estimators': 200}",0.9794960865081024,0.9793505564941188,0.979644780218042,0.9796163069544364,,0.979526932543675,0.0001161204637653,97,4
154,154.0,27.823172509670258,1.9250788537663035,1.853504300117493,0.0580161637699424,0.12,4,400,"{'learning_rate': 0.12, 'max_depth': 4, 'n_estimators': 400}",0.980840657289472,0.980919749688376,0.9809766962155868,0.9810336427427978,,0.980942686484058,7.135432009812453e-05,90,4
155,155.0,43.81668788194656,2.9222769352884894,2.8831937313079834,0.1862269056442404,0.12,4,600,"{'learning_rate': 0.12, 'max_depth': 4, 'n_estimators': 600}",0.98238454091608,0.9823813772201236,0.9826850920319152,0.98250792505837,,0.9824897338066224,0.0001237966597773,83,4
156,156.0,45.47001004219055,2.3584232469475737,3.1066585779190063,0.2814565896083127,0.12,4,650,"{'learning_rate': 0.12, 'max_depth': 4, 'n_estimators': 650}",0.9828211309580304,0.9827135652955208,0.9830489170668744,0.9829223692286276,,0.9828764956372632,0.0001239405903453,82,4
157,157.0,47.58480727672577,1.4799203341943752,3.5698700547218323,0.3260120998477855,0.12,4,700,"{'learning_rate': 0.12, 'max_depth': 4, 'n_estimators': 700}",0.9831881196889454,0.9831058635940852,0.9834253968856576,0.9834190694937454,,0.9832846124156084,0.0001406777881925,81,4
158,158.0,21.99526757001877,1.4323585703211792,1.8991089463233948,0.1576023339872257,0.12,6,200,"{'learning_rate': 0.12, 'max_depth': 6, 'n_estimators': 200}",0.9834633612371316,0.9835329625481672,0.9834253968856576,0.9835203077643426,,0.9834855071088248,4.3493628584851506e-05,80,4
159,159.0,40.32445025444031,2.8303149490809334,3.5321935415267944,0.2858030931569056,0.12,6,400,"{'learning_rate': 0.12, 'max_depth': 6, 'n_estimators': 400}",0.988218396259246,0.9880159197180516,0.9884651645438268,0.9882816701783692,,0.9882452876748732,0.0001604698818411,70,4
160,160.0,54.904155015945435,5.265642653863398,4.9347222447395325,0.3971859399496313,0.12,6,600,"{'learning_rate': 0.12, 'max_depth': 6, 'n_estimators': 600}",0.9917459172503684,0.9916478426757276,0.9919072657441328,0.9918439918250096,,0.9917862543738096,9.844065053634182e-05,62,4
161,161.0,65.15355974435806,3.937643435436704,5.776789367198944,0.4696493812136821,0.12,6,650,"{'learning_rate': 0.12, 'max_depth': 6, 'n_estimators': 650}",0.9924419303607246,0.9924039660092506,0.9925020405838916,0.9924735673202862,,0.9924553760685384,3.65112307649897e-05,60,4
162,162.0,70.69354093074799,0.5016717198567382,6.447038948535919,0.1143741004234524,0.12,6,700,"{'learning_rate': 0.12, 'max_depth': 6, 'n_estimators': 700}",0.9930398688964396,0.9929671038894478,0.9931917263023354,0.9929639401934915,,0.9930406598204286,9.23554054404316e-05,57,4
163,163.0,30.393847584724423,1.927972436281279,2.800213396549225,0.2806137937783688,0.12,8,200,"{'learning_rate': 0.12, 'max_depth': 8, 'n_estimators': 200}",0.9909138652138976,0.990711388672703,0.990806299551388,0.9905816771385004,,0.9907533076441222,0.000122271323368,65,4
164,164.0,53.42901051044464,1.201134320183245,4.935147523880005,0.0522850068621592,0.12,8,400,"{'learning_rate': 0.12, 'max_depth': 8, 'n_estimators': 400}",0.9958840315610308,0.9956815550198364,0.9957385015470472,0.9956562454521872,,0.9957400833950254,8.828639207289475e-05,50,4
165,165.0,72.27095693349838,2.1019568254124614,6.945694744586945,0.0762423198041,0.12,8,600,"{'learning_rate': 0.12, 'max_depth': 8, 'n_estimators': 600}",0.9974342425795512,0.997257075606006,0.997393114532121,0.997124200375847,,0.9973021582733812,0.0001218818743012,45,4
166,166.0,99.42466551065444,15.663882664932531,9.186914026737211,1.9064293191170256,0.12,8,650,"{'learning_rate': 0.12, 'max_depth': 8, 'n_estimators': 650}",0.99760824585714,0.9975101712824992,0.9975892636814032,0.9974089330119018,,0.997529153458236,7.855272943399754e-05,41,4
167,167.0,100.18048179149628,16.418319734330474,9.865575790405272,1.9402629002649048,0.12,8,700,"{'learning_rate': 0.12, 'max_depth': 8, 'n_estimators': 700}",0.9977031567358252,0.9976114095530964,0.9976588649924388,0.9975449719380168,,0.9976296008048442,5.8651160258498805e-05,40,4
168,168.0,45.84519422054291,1.03608705371818,5.401830017566681,0.2985339470966263,0.12,12,200,"{'learning_rate': 0.12, 'max_depth': 12, 'n_estimators': 200}",0.9976557012964826,0.9976525376005264,0.9977474484792114,0.9976588649924388,,0.9976786380921648,3.979063048698875e-05,39,4
169,169.0,91.93618768453598,1.230313378325186,12.49932849407196,0.3067580818305367,0.12,12,400,"{'learning_rate': 0.12, 'max_depth': 12, 'n_estimators': 400}",0.998089127642477,0.9980606543788716,0.9981618926494688,0.9980005441557044,,0.9980780547066306,5.801307498874803e-05,24,4
170,170.0,131.78072702884674,1.4659616179723496,17.752663731575012,0.4517790691480833,0.12,12,600,"{'learning_rate': 0.12, 'max_depth': 12, 'n_estimators': 600}",0.9981998570009428,0.9980986187303456,0.9981998570009428,0.9980511632910032,,0.9981373740058086,6.469642201347665e-05,9,4
171,171.0,140.0250427722931,1.4625419186525055,18.434657990932465,0.3579690977823501,0.12,12,650,"{'learning_rate': 0.12, 'max_depth': 12, 'n_estimators': 650}",0.9981903659130744,0.998089127642477,0.9981935296090304,0.9980385085071783,,0.99812788291794,6.652700468091166e-05,15,4
172,172.0,158.28787899017334,15.509971797998787,21.572140634059902,2.275954231185548,0.12,12,700,"{'learning_rate': 0.12, 'max_depth': 12, 'n_estimators': 700}",0.9982061843928552,0.998127091993951,0.9981966933049866,0.9980922913384332,,0.9981555652575564,4.761336137409228e-05,4,4
173,173.0,63.99275070428848,0.8214420913103203,9.63464492559433,2.070230878495661,0.12,15,200,"{'learning_rate': 0.12, 'max_depth': 15, 'n_estimators': 200}",0.99802901741931,0.997896142189151,0.9980100352435728,0.9978107223983348,,0.997936479312592,8.86223182787828e-05,32,4
174,174.0,112.28391402959824,5.418380139083266,18.84641343355179,2.338147868302777,0.12,15,400,"{'learning_rate': 0.12, 'max_depth': 15, 'n_estimators': 400}",0.998149237865644,0.9980353448112222,0.9981429104737318,0.9980131989395292,,0.9980851730225316,6.144313765684246e-05,22,4
175,175.0,163.02006548643112,18.182594585259352,23.491466760635376,2.7940996769797604,0.12,15,600,"{'learning_rate': 0.12, 'max_depth': 15, 'n_estimators': 600}",0.9981903659130744,0.99807014546674,0.9982061843928552,0.9980606543788716,,0.9981318375378854,6.675698337163783e-05,12,4
176,176.0,167.96507441997528,22.254230572661335,23.620235860347748,3.6305598201974374,0.12,15,650,"{'learning_rate': 0.12, 'max_depth': 15, 'n_estimators': 650}",0.9982030206968988,0.9980796365546084,0.998187202217118,0.9980764728586524,,0.9981365830818196,5.8805610800345215e-05,10,4
177,177.0,167.89408427476883,18.18542858683217,23.61180794239044,0.2339719661020641,0.12,15,700,"{'learning_rate': 0.12, 'max_depth': 15, 'n_estimators': 700}",0.9981935296090304,0.998104946122258,0.9982030206968988,0.9980733091626962,,0.9981437013977208,5.580920180683414e-05,6,4
178,178.0,21.518694698810577,2.3048748748323673,1.1669480204582214,0.1351020045174152,0.15,4,200,"{'learning_rate': 0.15, 'max_depth': 4, 'n_estimators': 200}",0.9798314382794556,0.979875730022842,0.9799769682934392,0.979995950469176,,0.9799200217662282,6.858729392847436e-05,94,4
179,179.0,33.483513712882996,2.480430944978648,2.106820583343506,0.3130702490469051,0.15,4,400,"{'learning_rate': 0.15, 'max_depth': 4, 'n_estimators': 400}",0.9816695456299868,0.9818308941237512,0.9820365343609018,0.9819700967458224,,0.9818767677151156,0.0001407844700492,88,4
180,180.0,43.64113074541092,5.736461747541162,3.0007660388946533,0.5157729014948889,0.15,4,600,"{'learning_rate': 0.15, 'max_depth': 4, 'n_estimators': 600}",0.9835297988522111,0.983738602785318,0.9838999512790824,0.9835962364672906,,0.9836911473459756,0.0001422080452513,79,4
181,181.0,44.508303344249725,4.798372665079465,2.89078289270401,0.0442507216345451,0.15,4,650,"{'learning_rate': 0.15, 'max_depth': 4, 'n_estimators': 650}",0.9839790436779864,0.9842985769695588,0.984241630442348,0.9840454812930658,,0.9841411830957398,0.0001325806610905,78,4
182,182.0,52.09762132167816,4.895061596581986,3.3182036876678467,0.2810349352319947,0.15,4,700,"{'learning_rate': 0.15, 'max_depth': 4, 'n_estimators': 700}",0.9844472706794988,0.9846718930923862,0.984684547876211,0.9845959643894384,,0.9845999190093836,9.441856988977844e-05,75,4
183,183.0,26.163520395755768,2.1108160152945947,2.02495801448822,0.1630646988941197,0.15,6,200,"{'learning_rate': 0.15, 'max_depth': 6, 'n_estimators': 200}",0.9847320033155532,0.984554836342008,0.9850325544313888,0.9849439709446164,,0.9848158412583918,0.0001861009019848,74,4
184,184.0,43.142513155937195,1.7864020576934474,3.634451985359192,0.4956648924041749,0.15,6,400,"{'learning_rate': 0.15, 'max_depth': 6, 'n_estimators': 400}",0.9905658586587196,0.9902368342792784,0.990347563637744,0.9901988699278044,,0.9903372816258864,0.000142829135082,66,4
185,185.0,59.89412635564804,7.369632333870235,4.94917368888855,0.1364558573882087,0.15,6,600,"{'learning_rate': 0.15, 'max_depth': 6, 'n_estimators': 600}",0.9937517004865764,0.9934986048100832,0.9936820991755408,0.993609334168549,,0.9936354346601874,9.367358608803188e-05,55,4
186,186.0,66.99253344535828,7.972760537521052,5.762213587760925,0.896372143179825,0.15,6,650,"{'learning_rate': 0.15, 'max_depth': 6, 'n_estimators': 650}",0.9943464753263352,0.994014287250938,0.9941471624810968,0.9941534898730092,,0.9941653537328448,0.0001184248563378,54,4
187,187.0,66.03100472688675,5.536378990960943,5.304840803146362,0.087340904292896,0.15,6,700,"{'learning_rate': 0.15, 'max_depth': 6, 'n_estimators': 700}",0.9948716488550584,0.994574261435179,0.9947197914491626,0.9948115386318912,,0.9947443100928228,0.0001120853990116,52,4
188,188.0,34.569715440273285,4.79465388468967,2.8268193006515503,0.349969716389464,0.15,8,200,"{'learning_rate': 0.15, 'max_depth': 8, 'n_estimators': 200}",0.99316325303873,0.9926792075574368,0.9927614636522972,0.992720335604867,,0.9928310649633328,0.0001939812635833,58,4
189,189.0,62.32146680355072,3.2986952934443536,6.046295702457428,1.4561329699802357,0.15,8,400,"{'learning_rate': 0.15, 'max_depth': 8, 'n_estimators': 400}",0.9969691792739952,0.9970324531931184,0.9967097562055895,0.996754047948976,,0.9968663591554198,0.0001372019470809,48,4
190,190.0,84.17045229673386,5.2683634294599715,7.175890803337097,0.1748194303772552,0.15,8,600,"{'learning_rate': 0.15, 'max_depth': 8, 'n_estimators': 600}",0.997817049790247,0.9978075587023784,0.9977094841277374,0.9976209006409648,,0.997738748315332,8.001633797026525e-05,38,4
191,191.0,98.15554851293564,17.54175056589534,11.081187546253204,1.8787901528934912,0.15,8,650,"{'learning_rate': 0.15, 'max_depth': 8, 'n_estimators': 650}",0.9978929784931948,0.9979277791487128,0.9978012313104662,0.9977474484792114,,0.9978423593578964,7.169105366022302e-05,37,4
192,192.0,96.3846532702446,10.73185396434772,9.367466866970062,0.2321070508887328,0.15,8,700,"{'learning_rate': 0.15, 'max_depth': 8, 'n_estimators': 700}",0.997953088716362,0.9979657435001866,0.9978866511012826,0.997794903918554,,0.9979000968090964,6.775684756180239e-05,34,4
193,193.0,49.03218138217926,0.9678315029009524,5.703297197818756,0.1744942918400701,0.15,12,200,"{'learning_rate': 0.15, 'max_depth': 12, 'n_estimators': 200}",0.9978423593578962,0.9978866511012826,0.9979752345880551,0.9976778471681758,,0.9978455230538524,0.0001079835751401,36,4
194,194.0,92.85739129781724,1.2140517615068205,12.43594241142273,0.339184357426765,0.15,12,400,"{'learning_rate': 0.15, 'max_depth': 12, 'n_estimators': 400}",0.9980511632910032,0.9981176009060824,0.9982061843928552,0.9979404339325374,,0.9980788456306194,9.700675470878991e-05,23,4
195,195.0,136.63650232553482,8.918725607169472,19.486873507499695,2.9827604286618454,0.15,12,600,"{'learning_rate': 0.15, 'max_depth': 12, 'n_estimators': 600}",0.9981397467777756,0.9982283302645484,0.998263130920066,0.9980100352435728,,0.9981603108014908,9.7729533045727e-05,3,4
196,196.0,142.66035723686218,6.719419655616766,18.356590747833252,3.3321577489495215,0.15,12,650,"{'learning_rate': 0.15, 'max_depth': 12, 'n_estimators': 650}",0.9981777111292496,0.9982188391766798,0.9982473124402852,0.9980163626354852,,0.9981650563454252,8.934290823661012e-05,2,4
197,197.0,154.01840645074844,23.563254017909312,21.015263497829437,3.0201717750538997,0.15,12,700,"{'learning_rate': 0.15, 'max_depth': 12, 'n_estimators': 700}",0.9981808748252058,0.9982378213524168,0.99825996722411,0.9980163626354852,,0.9981737565093044,9.534161395652757e-05,1,4
198,198.0,61.11121714115143,1.103276846257048,8.001804769039154,0.482409645093464,0.15,15,200,"{'learning_rate': 0.15, 'max_depth': 15, 'n_estimators': 200}",0.9979625798042304,0.9979404339325374,0.9980543269869592,0.9977917402225976,,0.9979372702365812,9.42494707754771e-05,31,4
199,199.0,117.069544672966,16.41370102702186,17.28194350004196,2.312310175883303,0.15,15,400,"{'learning_rate': 0.15, 'max_depth': 15, 'n_estimators': 400}",0.9980954550343892,0.998127091993951,0.9981587289535128,0.9979214517568004,,0.9980756819346632,9.181193382689944e-05,25,4
200,200.0,157.03840470314026,15.964904523898456,21.38584810495377,1.755301974132052,0.15,15,600,"{'learning_rate': 0.15, 'max_depth': 15, 'n_estimators': 600}",0.9981144372101264,0.998165056345425,0.9982188391766798,0.9980131989395292,,0.99812788291794,7.580914634407666e-05,15,4
201,201.0,155.94568574428558,6.837232140111758,19.11560595035553,1.7796730433865362,0.15,15,650,"{'learning_rate': 0.15, 'max_depth': 15, 'n_estimators': 650}",0.998127091993951,0.998187202217118,0.9982409850483728,0.9980131989395292,,0.9981421195497427,8.463625831756858e-05,7,4
202,202.0,144.8279983997345,7.101171456662015,16.50505816936493,0.7479709732759695,0.15,15,700,"{'learning_rate': 0.15, 'max_depth': 15, 'n_estimators': 700}",0.9981302556899072,0.9981935296090304,0.9982188391766798,0.9980353448112222,,0.99814449232171,7.079542909397395e-05,5,4
203,,19.427263259887695,0.8282457042555423,1.698450009028117,0.012255277726400036,0.05,4,200,"{'learning_rate': 0.05, 'max_depth': 4, 'n_estimators': 200}",0.9787660636662174,0.9788396195971982,0.9788325012812968,,,0.978812728181571,3.3124516099044784e-05,100,3
204,,28.998519738515217,1.5865590224131172,2.980901082356771,0.08237682097228381,0.05,4,400,"{'learning_rate': 0.05, 'max_depth': 4, 'n_estimators': 400}",0.9791765532165296,0.9791979081642338,0.9792002809362009,,,0.9791915807723215,1.06701479686464e-05,99,3
205,,39.717404206593834,3.4058037456378316,4.155474662780762,0.15699425277386458,0.05,4,600,"{'learning_rate': 0.05, 'max_depth': 4, 'n_estimators': 600}",0.9795917883107762,0.97964636206602,0.9797744917522446,,,0.9796708807096802,7.657680151894168e-05,96,3
206,,37.98219339052836,4.2585923625302735,3.858976682027181,0.395698197698314,0.05,4,650,"{'learning_rate': 0.05, 'max_depth': 4, 'n_estimators': 650}",0.9796511076099542,0.9797744917522446,0.9798907575786336,,,0.9797721189802776,9.785107530364052e-05,95,3
207,,43.19915294647217,0.36726732861702055,4.735156695048015,0.5716918627177094,0.05,4,700,"{'learning_rate': 0.05, 'max_depth': 4, 'n_estimators': 700}",0.9798053377878172,0.9799049942104364,0.9800212600368254,,,0.9799105306783596,8.823677903607956e-05,93,3
208,,21.005451520284016,0.11100477693798105,2.7159016132354736,0.07586597388233039,0.05,6,200,"{'learning_rate': 0.05, 'max_depth': 6, 'n_estimators': 200}",0.9801351530912473,0.9801565080389514,0.9801802357586227,,,0.9801572989629405,1.8413417118802573e-05,92,3
209,,34.33534820874532,1.4805337152182985,5.026097536087036,0.5032594969884352,0.05,6,400,"{'learning_rate': 0.05, 'max_depth': 6, 'n_estimators': 400}",0.9820998082800251,0.9819574419619976,0.9820855716482223,,,0.9820476072967482,6.402088781172205e-05,86,3
210,,47.3017209370931,3.4676476500973545,6.5816419919331866,0.05662854656766658,0.05,6,600,"{'learning_rate': 0.05, 'max_depth': 6, 'n_estimators': 600}",0.984107173364211,0.9842685218579753,0.9840075169415918,,,0.9841277373879261,0.00010754239752333434,76,3
211,,54.13150588671366,3.115411938020309,7.36529278755188,0.9048674875411595,0.05,6,650,"{'learning_rate': 0.05, 'max_depth': 6, 'n_estimators': 650}",0.9845769822137014,0.984783413374841,0.9845793549856685,,,0.984646583524737,9.675816389783455e-05,73,3
212,,61.5867489973704,0.615700179996605,8.905159076054892,1.0723755768154843,0.05,6,700,"{'learning_rate': 0.05, 'max_depth': 6, 'n_estimators': 700}",0.9850183177995862,0.9853172870674437,0.9850966192745012,,,0.9851440747138437,0.0001265824364415302,72,3
213,,30.579368511835735,0.2887226013872792,4.2621480623881025,0.1048104981959015,0.05,8,200,"{'learning_rate': 0.05, 'max_depth': 8, 'n_estimators': 200}",0.9840264991173289,0.9839553159583151,0.9843349594730548,,,0.9841055915162329,0.00016477055813925886,77,3
214,,51.164912700653076,1.188059132016716,8.303239901860556,1.2526502238838375,0.05,8,400,"{'learning_rate': 0.05, 'max_depth': 8, 'n_estimators': 400}",0.9885893396101061,0.9884351094322431,0.9889642375809116,,,0.9886628955410869,0.00022218911714298658,69,3
215,,72.40269335110982,9.817421654102557,13.838387966156006,2.068736244258168,0.05,8,600,"{'learning_rate': 0.05, 'max_depth': 8, 'n_estimators': 600}",0.9920535866821055,0.9916786887113,0.9920915510335795,,,0.9919412754756617,0.0001863226227258259,61,3
216,,78.36783035596211,11.28130164627785,13.73264996210734,3.153853866410797,0.05,8,650,"{'learning_rate': 0.05, 'max_depth': 8, 'n_estimators': 650}",0.9926277974981492,0.9922576450712781,0.9926325430420835,,,0.992505995203837,0.0001756207491600335,59,3
217,,93.52146673202515,11.39394647871619,16.260822534561157,2.8253232381914946,0.05,8,700,"{'learning_rate': 0.05, 'max_depth': 8, 'n_estimators': 700}",0.9932091266300943,0.9928460925191246,0.9931070974355081,,,0.9930541055282424,0.0001528715105541021,56,3
218,,43.2262396812439,0.5910123552163845,7.867298603057861,0.2614816269714321,0.05,12,200,"{'learning_rate': 0.05, 'max_depth': 12, 'n_estimators': 200}",0.9941724720487463,0.9944524591408668,0.9943195839107078,,,0.9943148383667736,0.00011435349602278356,51,3
219,,80.13349533081055,0.863988596564788,18.264829397201538,0.028716308515634507,0.05,12,400,"{'learning_rate': 0.05, 'max_depth': 12, 'n_estimators': 400}",0.9967825212125814,0.9969628518820828,0.9967659118088116,,,0.9968370949678252,8.918172154307507e-05,44,3
220,,120.40085061391194,0.47942420189232915,26.024844646453857,0.2620558134975654,0.05,12,600,"{'learning_rate': 0.05, 'max_depth': 12, 'n_estimators': 600}",0.9973638503445265,0.9974421518194415,0.9973780869763292,,,0.9973946963800991,3.405568443652484e-05,33,3
221,,130.7938710053762,1.6794071022575154,30.150327920913696,3.38803279675446,0.05,12,650,"{'learning_rate': 0.05, 'max_depth': 12, 'n_estimators': 650}",0.9973685958884607,0.9975109622064882,0.9974184240997703,,,0.997432660731573,5.898617573063389e-05,32,3
222,,140.50915042559305,1.1094870902943055,30.8845636844635,0.3163466170510873,0.05,12,700,"{'learning_rate': 0.05, 'max_depth': 12, 'n_estimators': 700}",0.9974255424156717,0.9975394354700936,0.99745164290731,,,0.997472206931025,4.8717322483231255e-05,30,3
223,,65.16266496976216,1.001891647294301,13.527277708053589,0.1461344791086808,0.05,15,200,"{'learning_rate': 0.05, 'max_depth': 15, 'n_estimators': 200}",0.9966520187543896,0.9969462424783129,0.9968442132837266,,,0.996814158172143,0.00012198191731850984,45,3
224,,114.82821162541707,1.7330813734162254,28.05374558766683,0.2146326276534495,0.05,15,400,"{'learning_rate': 0.05, 'max_depth': 15, 'n_estimators': 400}",0.9973994419240333,0.9975560448738634,0.9974563884512443,,,0.997470625083047,6.472059042626868e-05,31,3
225,,161.98539487520853,7.357425364483323,42.23242545127869,6.421159269194574,0.05,15,600,"{'learning_rate': 0.05, 'max_depth': 15, 'n_estimators': 600}",0.9975299443822251,0.99762485526091,0.9975916364533702,,,0.9975821453655018,3.9324117153749977e-05,25,3
226,,162.03380799293518,3.2830662360504683,33.42060454686483,0.2917073178484367,0.05,15,650,"{'learning_rate': 0.05, 'max_depth': 15, 'n_estimators': 650}",0.9975251988382908,0.9976533285245155,0.9975987547692716,,,0.9975924273773593,5.249972088380877e-05,24,3
227,,161.47150492668152,1.3006333903999465,643.1417339642843,429.5715006002631,0.05,15,700,"{'learning_rate': 0.05, 'max_depth': 15, 'n_estimators': 700}",0.9975323171541922,0.9976675651563183,0.9976082458571401,,,0.9976027093892168,5.535337916557142e-05,22,3
228,,20.264037291208904,0.8192015687410681,1.7182668050130208,0.18301282438245628,0.1,4,200,"{'learning_rate': 0.1, 'max_depth': 4, 'n_estimators': 200}",0.9792240086558721,0.9794067120973406,0.9794304398170118,,,0.9793537201900748,9.223001228494714e-05,98,3
229,,36.37043523788452,0.7259289812248627,3.1866836547851562,0.059153948301895604,0.1,4,400,"{'learning_rate': 0.1, 'max_depth': 4, 'n_estimators': 400}",0.9803036199009131,0.9804863233423815,0.9804910688863158,,,0.9804270040432034,8.726727135016687e-05,91,3
230,,43.02777496973673,0.8150525485207446,4.2587958971659345,0.1374000986048884,0.1,4,600,"{'learning_rate': 0.1, 'max_depth': 4, 'n_estimators': 600}",0.9816299994305347,0.981732028625121,0.9816703365539758,,,0.9816774548698772,4.1956262567366974e-05,89,3
231,,343.3633906841278,422.5678081592184,6.231305281321208,2.162401917085101,0.1,4,650,"{'learning_rate': 0.1, 'max_depth': 4, 'n_estimators': 650}",0.9818743949431484,0.9819716785938004,0.9819977790854387,,,0.9819479508741291,5.309215354943389e-05,87,3
232,,954.7793583869934,1.1597124421254081,8.926960229873657,0.3387928543124894,0.1,4,700,"{'learning_rate': 0.1, 'max_depth': 4, 'n_estimators': 700}",0.9821947191587099,0.9823157305290332,0.9823062394411648,,,0.9822722297096359,5.494502898883642e-05,85,3
233,,925.9453282356262,1.3189958185515906,5.039637724558513,0.05872536451998375,0.1,6,200,"{'learning_rate': 0.1, 'max_depth': 6, 'n_estimators': 200}",0.982310984985099,0.9823679315123099,0.9824936884265675,,,0.9823908683079922,7.633133619615681e-05,83,3
234,,958.4675616423289,5.908661269924147,9.372878869374594,0.6556729073747716,0.1,6,400,"{'learning_rate': 0.1, 'max_depth': 6, 'n_estimators': 400}",0.9863731705928134,0.9864514720677284,0.986347070101175,,,0.9863905709205723,4.4362305392797435e-05,71,3
235,,1005.1695371468862,0.527682965133654,13.413386106491089,0.192168365949328,0.1,6,600,"{'learning_rate': 0.1, 'max_depth': 6, 'n_estimators': 600}",0.9899441924033333,0.9898658909284183,0.9897686072777662,,,0.989859563536506,7.182182117999567e-05,67,3
236,,1013.3450170358022,1.239411004753471,14.612051089604696,0.1157913279040137,0.1,6,650,"{'learning_rate': 0.1, 'max_depth': 6, 'n_estimators': 650}",0.9907366982403523,0.9903973918490537,0.9905587403428181,,,0.9905642768107414,0.00013857656404026204,64,3
237,,1180.024082183838,226.76788419649586,334.329843044281,229.29297793410487,0.1,6,700,"{'learning_rate': 0.1, 'max_depth': 6, 'n_estimators': 700}",0.9913346367760673,0.9910499041400125,0.9911044778952564,,,0.9911630062704453,0.00012338921221180402,63,3
238,,953.293044646581,0.6646216931898954,7.722322702407837,0.6462134498244084,0.1,8,200,"{'learning_rate': 0.1, 'max_depth': 8, 'n_estimators': 200}",0.9886747594009225,0.9891611776541828,0.9890354207399252,,,0.9889571192650101,0.00020615369671936375,68,3
239,,550.4769511222839,1.7547709009487529,8.624444405237833,0.5594196955205603,0.1,8,400,"{'learning_rate': 0.1, 'max_depth': 8, 'n_estimators': 400}",0.9940656973102256,0.9943267022266092,0.9941012888897326,,,0.9941645628088559,0.00011556695959489245,53,3
240,,568.3053493499756,2.935050757022959,14.5303373336792,0.1937710700791706,0.1,8,600,"{'learning_rate': 0.1, 'max_depth': 8, 'n_estimators': 600}",0.9961062812019513,0.9964550786811184,0.9962557658358802,,,0.99627237523965,0.00014287949371997243,49,3
241,,569.3529796600342,5.695780927156163,14.505528688430786,2.998337513280773,0.1,8,650,"{'learning_rate': 0.1, 'max_depth': 8, 'n_estimators': 650}",0.9963459311706307,0.996678119246028,0.9965808355953759,,,0.9965349620040116,0.0001394405946332969,47,3
242,,86.88720838228862,7.706043490152999,13.887408892313639,3.5533520145675834,0.1,8,700,"{'learning_rate': 0.1, 'max_depth': 8, 'n_estimators': 700}",0.9966306638066855,0.9968109944761868,0.9967801484406142,,,0.9967406022411622,7.875156721836149e-05,46,3
243,,40.53274154663086,0.8413925061481876,8.693292140960693,1.586475809859843,0.1,12,200,"{'learning_rate': 0.1, 'max_depth': 12, 'n_estimators': 200}",0.9968276038799567,0.9970221711812608,0.9970292894971622,,,0.9969596881861266,9.344290790850069e-05,42,3
244,,83.96135234832764,3.877132692715942,16.59293031692505,0.18513942654047683,0.1,12,400,"{'learning_rate': 0.1, 'max_depth': 12, 'n_estimators': 400}",0.997489607258784,0.9975963819973045,0.9975228260663237,,,0.9975362717741375,4.4615404592948295e-05,27,3
245,,131.50372759501138,2.8824587001644204,26.292960961659748,1.4021292091733544,0.1,12,600,"{'learning_rate': 0.1, 'max_depth': 12, 'n_estimators': 600}",0.9976580740684498,0.9976818017881209,0.9976675651563183,,,0.9976691470042963,9.751165826635918e-06,15,3
246,,125.91326602300008,6.87730576012407,25.182026942571003,3.8994091146543566,0.1,12,650,"{'learning_rate': 0.1, 'max_depth': 12, 'n_estimators': 650}",0.9976794290161538,0.9976770562441867,0.9976818017881209,,,0.9976794290161538,1.937360198482469e-06,13,3
247,,143.60231955846152,7.831016147517484,33.663539012273155,2.699202311671682,0.1,12,700,"{'learning_rate': 0.1, 'max_depth': 12, 'n_estimators': 700}",0.9976889201040223,0.997700783963858,0.9976889201040223,,,0.9976928747239676,5.5926771605556e-06,11,3
248,,56.82660166422526,1.8184091595858445,12.517045577367147,0.4423718241564609,0.1,15,200,"{'learning_rate': 0.1, 'max_depth': 15, 'n_estimators': 200}",0.9973330043089539,0.9974824889428826,0.9973614775725593,,,0.9973923236081319,6.480752208455928e-05,34,3
249,,115.77507162094116,2.6645468531799255,25.300031661987305,3.112736808935639,0.1,15,400,"{'learning_rate': 0.1, 'max_depth': 15, 'n_estimators': 400}",0.997527571610258,0.9976746834722195,0.9975797725935347,,,0.9975940092253374,6.0896011069504635e-05,23,3
250,,159.1444653669993,13.708804163275586,32.39032506942749,2.3492563472943275,0.1,15,600,"{'learning_rate': 0.1, 'max_depth': 15, 'n_estimators': 600}",0.9976082458571401,0.997700783963858,0.9976557012964826,,,0.9976549103724937,3.778266330208036e-05,18,3
251,,164.12776923179626,8.432070327024523,33.69354438781738,3.2958912368571363,0.1,15,650,"{'learning_rate': 0.1, 'max_depth': 15, 'n_estimators': 650}",0.9976082458571401,0.9976912928759895,0.9976533285245155,,,0.9976509557525484,3.394529294856226e-05,20,3
252,,151.87826522191367,10.649304934762462,36.24735474586487,3.949867024639948,0.1,15,700,"{'learning_rate': 0.1, 'max_depth': 15, 'n_estimators': 700}",0.9976319735768113,0.9977102750517264,0.9976651923843511,,,0.9976691470042963,3.2088518275245185e-05,15,3
253,,18.197882016499836,0.32715979537942874,1.7913809617360432,0.0406724638545323,0.12,4,200,"{'learning_rate': 0.12, 'max_depth': 4, 'n_estimators': 200}",0.9794043393253735,0.9795348417835652,0.9796202615743816,,,0.9795198142277735,8.878804341046319e-05,97,3
254,,26.70009732246399,3.1751120085755504,2.7734766006469727,0.28816337405168635,0.12,4,400,"{'learning_rate': 0.12, 'max_depth': 4, 'n_estimators': 400}",0.9807900381541732,0.9808493574533513,0.980863594085154,,,0.9808343298975594,3.185372108477645e-05,90,3
255,,36.794675985972084,0.5926277847251774,4.211593786875407,0.057789260014791885,0.12,4,600,"{'learning_rate': 0.12, 'max_depth': 4, 'n_estimators': 600}",0.9824367418993565,0.9822421745980524,0.9822540384578881,,,0.982310984985099,8.905537193314369e-05,84,3
256,,40.66280150413513,0.9500643408540534,5.067043940226237,0.3330278912239699,0.12,4,650,"{'learning_rate': 0.12, 'max_depth': 4, 'n_estimators': 650}",0.9828045215542606,0.9825933448491866,0.9826550369203318,,,0.9826843011079264,8.866113277774564e-05,82,3
257,,43.82070763905843,1.0057045076457318,5.3883233070373535,0.10172724507781238,0.12,4,700,"{'learning_rate': 0.12, 'max_depth': 4, 'n_estimators': 700}",0.9831746739811317,0.982987224995729,0.9830299348911372,,,0.9830639446226659,8.02154470207863e-05,81,3
258,,21.27063798904419,0.6628901365069019,2.817444403966268,0.17923803087122345,0.12,6,200,"{'learning_rate': 0.12, 'max_depth': 6, 'n_estimators': 200}",0.9831462007175262,0.9833882234581728,0.983528217004233,,,0.9833542137266441,0.00015780073342943046,80,3
259,,38.71215661366781,0.4456788371476481,5.318120241165161,0.34338641152525257,0.12,6,400,"{'learning_rate': 0.12, 'max_depth': 6, 'n_estimators': 400}",0.987834798124561,0.9882808792543801,0.9880246198819309,,,0.9880467657536239,0.00018278388572294158,70,3
260,,55.912723541259766,0.31217654829638286,7.404727379480998,0.07151215824474123,0.12,6,600,"{'learning_rate': 0.12, 'max_depth': 6, 'n_estimators': 600}",0.9916644520794974,0.9914959852698316,0.9914485298304891,,,0.9915363223932726,9.264958013871517e-05,62,3
261,,58.19503792126974,0.6123757598000906,8.034933725992838,0.10562611473249747,0.12,6,650,"{'learning_rate': 0.12, 'max_depth': 6, 'n_estimators': 650}",0.9921627341925932,0.992160361420626,0.991949184715552,,,0.9920907601095904,0.00010011360766495959,60,3
262,,60.850716749827065,3.1853938902387897,8.258992513020834,0.947062586055545,0.12,6,700,"{'learning_rate': 0.12, 'max_depth': 6, 'n_estimators': 700}",0.9926776257094588,0.9926610163056889,0.9926610163056889,,,0.9926665527736122,7.82974802477784e-06,57,3
263,,28.490095376968384,0.21075092785345848,3.9887498219807944,0.06698749754807143,0.12,8,200,"{'learning_rate': 0.12, 'max_depth': 8, 'n_estimators': 200}",0.9903333270059415,0.9905682314306866,0.9907319526964181,,,0.9905445037110154,0.00016360086346063068,65,3
264,,50.71790599822998,1.4955605904244815,9.015541791915894,0.09318294893239597,0.12,8,400,"{'learning_rate': 0.12, 'max_depth': 8, 'n_estimators': 400}",0.9952853021013268,0.9955296976139405,0.9953541124883735,,,0.9953897040678803,0.00010289918057745501,50,3
265,,79.04475553830464,1.4099826374909692,13.24811045328776,2.1923811385785066,0.12,8,600,"{'learning_rate': 0.12, 'max_depth': 8, 'n_estimators': 600}",0.9967920123004499,0.9969533607942143,0.9968347221958581,,,0.9968600317635073,6.825816078659893e-05,43,3
266,,89.49989342689514,1.763983826520582,15.033507029215494,0.08807885932933035,0.12,8,650,"{'learning_rate': 0.12, 'max_depth': 8, 'n_estimators': 650}",0.9969438697063457,0.9971004726561759,0.9970008162335567,,,0.9970150528653594,6.472059042626868e-05,41,3
267,,88.90170335769653,4.156821125004856,16.192653576533,4.116279913073167,0.12,8,700,"{'learning_rate': 0.12, 'max_depth': 8, 'n_estimators': 700}",0.9971218276038799,0.9972357206583019,0.9971147092879786,,,0.9971574191833869,5.54437152177872e-05,39,3
268,,47.46589700380961,3.894640192279034,7.952780564626058,2.5533165273363005,0.12,12,200,"{'learning_rate': 0.12, 'max_depth': 12, 'n_estimators': 200}",0.9969913251456882,0.9971099637440444,0.9971716558151895,,,0.9970909815683074,7.483328064205566e-05,40,3
269,,98.50678896903992,4.100701425514661,20.516275644302368,3.051651695421356,0.12,12,400,"{'learning_rate': 0.12, 'max_depth': 12, 'n_estimators': 400}",0.9975584176458305,0.9975631631897648,0.997584518137469,,,0.9975686996576881,1.1351894812209326e-05,26,3
270,,122.2037140528361,0.3815262769154775,23.492098410924275,0.4657287859104905,0.12,12,600,"{'learning_rate': 0.12, 'max_depth': 12, 'n_estimators': 600}",0.9976201097169758,0.9976794290161538,0.9977363755433648,,,0.9976786380921648,4.746861957860549e-05,14,3
271,,131.1060013771057,0.36158967870265957,24.296860535939533,0.06992409092861213,0.12,12,650,"{'learning_rate': 0.12, 'max_depth': 12, 'n_estimators': 650}",0.9976343463487785,0.9976912928759895,0.9977577304910689,,,0.9976944565719457,5.042101659203849e-05,10,3
272,,146.17619919776917,8.949300081550954,32.3455175558726,3.3257408333072997,0.12,12,700,"{'learning_rate': 0.12, 'max_depth': 12, 'n_estimators': 700}",0.9976414646646798,0.9977031567358251,0.9977672215789374,,,0.9977039476598142,5.134309133311946e-05,5,3
273,,57.63688460985819,0.2267775293823254,11.211534341176352,0.11874649155862065,0.12,15,200,"{'learning_rate': 0.12, 'max_depth': 15, 'n_estimators': 200}",0.9973899508361649,0.9975109622064882,0.997527571610258,,,0.9974761615509703,6.1336142601498e-05,29,3
274,,118.41285904248555,1.8370149223529897,25.699186325073242,0.27548560828698787,0.12,15,400,"{'learning_rate': 0.12, 'max_depth': 15, 'n_estimators': 400}",0.9975560448738634,0.9976865473320552,0.9977197661395949,,,0.9976541194485046,7.066276217293953e-05,19,3
275,,154.07929094632468,2.0495366024185864,31.249770720799763,0.24327414154384197,0.12,15,600,"{'learning_rate': 0.12, 'max_depth': 15, 'n_estimators': 600}",0.9976533285245155,0.9977553577191017,0.9977719671228716,,,0.9977268844554964,5.245203720375788e-05,3,3
276,,154.94470405578613,5.588287248424739,33.00941061973572,0.20398280317493964,0.12,15,650,"{'learning_rate': 0.12, 'max_depth': 15, 'n_estimators': 650}",0.9976580740684498,0.9977862037546743,0.9977814582107402,,,0.9977419120112881,5.9314026117093e-05,1,3
277,,160.07958356539407,8.325775754501608,36.828296740849815,0.6670009802913105,0.12,15,700,"{'learning_rate': 0.12, 'max_depth': 15, 'n_estimators': 700}",0.9976604468404169,0.9977814582107402,0.9977695943509045,,,0.9977371664673539,5.446475105093602e-05,2,3
278,,16.65124821662903,0.10779950040379394,1.6087360382080078,0.052771690229471674,0.15,4,200,"{'learning_rate': 0.15, 'max_depth': 4, 'n_estimators': 200}",0.9798124561037186,0.9799239763861733,0.9799666862815816,,,0.9799010395904911,6.501953238853736e-05,94,3
279,,26.42450499534607,0.21225753431831254,2.7147185802459717,0.0593116111336966,0.15,4,400,"{'learning_rate': 0.15, 'max_depth': 4, 'n_estimators': 400}",0.9817059281334827,0.9817984662402005,0.981788975152332,,,0.9817644565086717,4.156679936306953e-05,88,3
280,,36.42649030685425,0.3237378785638208,4.286437749862671,0.03141528254947092,0.15,4,600,"{'learning_rate': 0.15, 'max_depth': 4, 'n_estimators': 600}",0.9835305897762001,0.9835377080921015,0.9835899090753782,,,0.9835527356478933,2.6445735491788582e-05,79,3
281,,40.15253225962321,0.28442622666152073,4.749792734781901,0.13704183019544094,0.15,4,650,"{'learning_rate': 0.15, 'max_depth': 4, 'n_estimators': 650}",0.9840264991173289,0.9839292154666768,0.984126155539948,,,0.9840272900413178,8.040239335402819e-05,78,3
282,,42.195180892944336,2.381247132679751,4.762765407562256,0.36652425247503123,0.15,4,700,"{'learning_rate': 0.15, 'max_depth': 4, 'n_estimators': 700}",0.9843824149123973,0.9844607163873124,0.9846102010212411,,,0.9844844441069837,9.449473126809448e-05,74,3
283,,20.166248718897503,0.07098947386877708,2.8218366305033364,0.12992835774649128,0.15,6,200,"{'learning_rate': 0.15, 'max_depth': 6, 'n_estimators': 200}",0.9842685218579753,0.9847430762513999,0.9843824149123973,,,0.9844646710072574,0.00020227871355447754,75,3
284,,37.490218798319496,0.31381675886656163,5.097352027893066,0.01452081340454669,0.15,6,400,"{'learning_rate': 0.15, 'max_depth': 6, 'n_estimators': 400}",0.9897164062944894,0.9904685750080674,0.9897828439095689,,,0.9899892750707086,0.00033999981533179503,66,3
285,,54.17504485448202,0.186228472826853,7.272730827331543,0.05531554596707014,0.15,6,600,"{'learning_rate': 0.15, 'max_depth': 6, 'n_estimators': 600}",0.9930999791196067,0.9935935156887682,0.993145061786982,,,0.993279518865119,0.00022279080721724997,55,3
286,,58.14854884147644,0.2383272385021698,7.899301767349243,0.12663859759338,0.15,6,650,"{'learning_rate': 0.15, 'max_depth': 6, 'n_estimators': 650}",0.9935555513372942,0.9940870522579298,0.9937168998310586,,,0.9937865011420942,0.0002224957887729208,54,3
287,,61.92721772193909,0.365374484937395,8.594935178756714,0.20325665700362125,0.15,6,700,"{'learning_rate': 0.15, 'max_depth': 6, 'n_estimators': 700}",0.9940467151344887,0.9945971982308612,0.9942887378751353,,,0.9943108837468285,0.000225278700831886,52,3
288,,27.85723106066386,0.5149971449810421,3.676669120788574,0.3517438463120391,0.15,8,200,"{'learning_rate': 0.15, 'max_depth': 8, 'n_estimators': 200}",0.992758299956341,0.9924498396006151,0.9923406920901273,,,0.9925162772156945,0.00017684183140868963,58,3
289,,50.73215365409851,2.570467761828969,7.07397445042928,1.1918556701331575,0.15,8,400,"{'learning_rate': 0.15, 'max_depth': 8, 'n_estimators': 400}",0.9964693153129212,0.9962178014844062,0.9963008485032554,,,0.996329321766861,0.00010463538770041792,48,3
290,,77.16186793645223,7.942337330553688,11.860729455947876,3.065189271741869,0.15,8,600,"{'learning_rate': 0.15, 'max_depth': 8, 'n_estimators': 600}",0.9972831760976443,0.9972025018507621,0.9972665666938745,,,0.9972507482140935,3.478267532776532e-05,38,3
291,,85.22647889455159,11.057567462033191,12.371774673461914,2.8557260656551327,0.15,8,650,"{'learning_rate': 0.15, 'max_depth': 8, 'n_estimators': 650}",0.9973472409407567,0.997276057781743,0.9973258859930525,,,0.9973163949051841,2.982528114967911e-05,36,3
292,,84.49538000424702,17.328019793873768,14.188050667444864,2.543397114221646,0.15,8,700,"{'learning_rate': 0.15, 'max_depth': 8, 'n_estimators': 700}",0.9974374062755073,0.997297412729447,0.997394696380099,,,0.9973765051283511,5.8581791623590187e-05,35,3
293,,39.7878520488739,0.9639324423522087,6.96469767888387,0.20414680658781725,0.15,12,200,"{'learning_rate': 0.15, 'max_depth': 12, 'n_estimators': 200}",0.9972641939219073,0.9973472409407567,0.9973235132210854,,,0.9973116493612498,3.492625767325759e-05,37,3
294,,80.77680166562398,0.7474603750233959,17.549080689748127,1.4612257066057694,0.15,12,400,"{'learning_rate': 0.15, 'max_depth': 12, 'n_estimators': 400}",0.997567908733699,0.9976509557525484,0.9976390918927127,,,0.9976193187929866,3.667363666650746e-05,21,3
295,,116.97765692075093,1.4253853474522051,23.094009399414062,0.49724775042465114,0.15,12,600,"{'learning_rate': 0.15, 'max_depth': 12, 'n_estimators': 600}",0.9976319735768113,0.9977292572274634,0.9976818017881209,,,0.9976810108641319,3.971982159759256e-05,12,3
296,,124.06423052151997,0.3537317142544476,26.384926398595173,4.126710428876017,0.15,12,650,"{'learning_rate': 0.15, 'max_depth': 12, 'n_estimators': 650}",0.9976201097169758,0.997779085438773,0.9976865473320552,,,0.9976952474959346,6.519248253638633e-05,9,3
297,,132.91647140185037,0.30578483793134054,29.366882642110188,3.4587467651156083,0.15,12,700,"{'learning_rate': 0.15, 'max_depth': 12, 'n_estimators': 700}",0.9976272280328772,0.9977814582107402,0.9977173933676278,,,0.9977086932037483,6.326403180089985e-05,4,3
298,,59.20730344454447,0.26263841047315023,10.57384999593099,0.28556614753062853,0.15,15,200,"{'learning_rate': 0.15, 'max_depth': 15, 'n_estimators': 200}",0.9973828325202635,0.9976106186291073,0.9975346899261593,,,0.99750938035851,9.469973075108927e-05,28,3
299,,113.21335864067078,3.0726750255541324,23.226317803064983,0.67302906005598,0.15,15,400,"{'learning_rate': 0.15, 'max_depth': 15, 'n_estimators': 400}",0.9975726542776333,0.9977458666312333,0.9976865473320552,,,0.9976683560803074,7.1874061570831e-05,17,3
300,,149.55319158236185,3.406236587393304,24.36982496579488,0.7366662163619921,0.15,15,600,"{'learning_rate': 0.15, 'max_depth': 15, 'n_estimators': 600}",0.9976106186291073,0.9977719671228716,0.9977102750517264,,,0.9976976202679019,6.647526745711994e-05,8,3
301,,150.19908817609152,6.8192122879806245,24.206152598063152,0.31220272981054686,0.15,15,650,"{'learning_rate': 0.15, 'max_depth': 15, 'n_estimators': 650}",0.9976153641730415,0.9977648488069703,0.9977150205956606,,,0.9976984111918908,6.214669830539616e-05,7,3
302,,131.66869966189066,6.595569766838287,24.0977623462677,1.6669696259756144,0.15,15,700,"{'learning_rate': 0.15, 'max_depth': 15, 'n_estimators': 700}",0.9976106186291073,0.9977577304910689,0.9977363755433648,,,0.9977015748878469,6.490397625623237e-05,6,3
